DRUGNAME,n
OPDIVO,2801
CYRAMZA,1190
XELODA,844
NIVOLUMAB,841
OXALIPLATIN,697
CAPECITABINE,685
HERCEPTIN,508
CAPECITABINE ,459
ENHERTU,441
OXALIPLATIN ,425
CISPLATIN,336
FLUOROURACIL,316
TRASTUZUMAB,297
KEYTRUDA,265
GLEEVEC,231
ABRAXANE,211
CISPLATIN ,204
LONSURF,185
PACLITAXEL,167
BEVACIZUMAB,165
DOCETAXEL,158
DOCETAXEL ,148
PACLITAXEL ,146
AVASTIN,142
FLUOROURACIL ,139
TRASTUZUMAB ,127
TAXOL,116
RAMUCIRUMAB,110
TAXOTERE,101
ELOXATIN,97
EPIRUBICIN,93
SUTENT,88
IRINOTECAN HCL,88
ELPLAT,85
BEVACIZUMAB ,82
IRINOTECAN,77
EPIRUBICIN HCL,75
FLUOROURACIL  FLUOROURACIL ,69
INVESTIGATIONAL BIOSIMILARS,64
ERBITUX,57
CAMPTOSAR,57
LAPATINIB,56
CETUXIMAB,40
ATEZOLIZUMAB,40
TISLELIZUMAB,40
LENVATINIB,39
LEUCOVORIN CALCIUM,35
AFINITOR,34
TRASTUZUMAB DERUXTECAN,31
PANITUMUMAB,30
NEULASTA,30
QINLOCK,30
SANDOSTATIN,29
EPIRUBICIN HYDROCHLORIDE,28
OXALIPLATIN  MANUFACTURER UNKNOWN ,28
SANDOSTATIN LAR DEPOT,26
SOMATULINE DEPOT,26
BRIPLATIN,26
GLEEVEC  IMATINIB  UNKNOWN,25
EPIRUBICIN HYDROCHLORIDE ,24
STIVARGA,23
IPILIMUMAB,23
BLINDED NIVOLUMAB,22
CAPECITABINE TAB 500MG,22
ATEZOLIZUMAB ,22
TYKERB,21
EMEND  FOSAPREPITANT DIMEGLUMINE ,21
LEUCOVORIN,21
FRUQUINTINIB,21
EMEND,20
SUNITINIB MALATE,20
IBRANCE,19
OXALIPLATIN INJECTION USP  5 MG ML  PACKAGED IN 50 MG 10 ML AND 100 MG,19
CARBOPLATIN,19
VOTRIENT,18
IMATINIB,18
CAMPTO,17
TARCEVA,17
CT P6,17
EVEROLIMUS,17
IRINOTECAN HYDROCHLORIDE,16
PACLITAXEL PACLITAXEL LIPOSOME,16
IMATINIB ,16
TASIGNA,15
PERTUZUMAB ,15
ONDANSETRON,15
PEMBROLIZUMAB ,15
TELOTRISTAT ETHYL,15
TRASTUZUMAB  UNKNOWN ,15
HERZUMA,15
PEMBROLIZUMAB,15
ZANTAC,15
SANDOSTATIN LAR,15
DEXAMETHASONE ,14
CALCIUM FOLINATE,14
SORAFENIB  RAF KINASE INHIBITOR ,14
PACLITAXEL  MANUFACTURER UNKNOWN ,14
YERVOY,14
PLACEBO,14
OXALIPLATIN ACCORD,14
TRASTUZUMAB BS FOR I V  INFUSION  NK ,14
FAM TRASTUZUMAB DERUXTECAN NXKI,14
AYVAKIT,14
FLUOROURACIL  FLUOROURACIL   FLUOROURACIL ,14
NEXAVAR,13
5 FLUOROURACIL,13
TECENTRIQ,13
ERIBULIN,13
SU 011 248,13
RANMARK,12
GLIVEC,12
OMNIPAQUE,12
EVEROLIMUS ,12
CARBOPLATIN ,12
CISPLATIN  MANUFACTURER UNKNOWN ,12
CDDP,12
ELLENCE,11
PEGFILGRASTIM,11
AZD2281,11
LEUCOVORIN ,11
CABOMETYX,11
FLUOROURACILE TEVA,10
VORINOSTAT,10
OXALIPLATINO SUN 5 MG ML  CONCENTRATO PER SOLUZIONE PER INFUSIONE,10
XALKORI,10
ERLOTINIB,10
DOXORUBICIN,10
COMETRIQ,10
NIRAPARIB,10
DOCETAXEL  UNKNOWN ,9
GLEEVEC  IMATINIB ,9
CISPLATIN  MANUFACTURER UNKNOWN   CISPLATIN   CISPLATIN ,9
G LASTA,9
FOLINIC ACID,9
REVLIMID,9
DOXORUBICIN HCL,9
BIBW 2992,8
IRINOTECAN  UNKNOWN ,8
ZOMETA,8
FLUOROURACIL ACCORD,8
OXALIPLATIN 5MG ML CONCENTRATE FOR SOLUTION FOR INFUSION,8
METHOTREXATE,8
LEUCOVORIN CALCIUM ,8
OXALIPLATIN CONCENTRATE FOR SOLUTION FOR INFUSION,8
OGIVRI,8
TRASTUZUMAB EMTANSINE,7
PAZOPANIB,7
XTANDI,7
THALOMID,7
VECTIBIX,7
CISPLATIN ACCORD,7
AFATINIB,7
LYNPARZA,7
DOCETAXEL ACCORD,7
DOCETAXEL  UNKNOWN,7
IMATINIB MESYLATE,7
GEMZAR,7
PERTUZUMAB,6
PARACETAMOL,6
CABAZITAXEL,6
CISPLATIN  CISPLATIN   HQ SPECIALTY ,6
CAPECITABINE 500MG TEVA,6
IMATINIB MESYLATE ,6
COMPARATOR PACLITAXEL,6
CISPLATINO TEVA,6
GLACTIV,6
XGEVA,6
DURVALUMAB,6
KANJINTI,6
CAPECITABINE 500MG NOVADOZ PHARMACEUTICALS,6
SORAFENIB,6
TIPIRACIL HYDROCHLORIDE TRIFLURIDINE,6
TORIPALIMAB,6
FENTANYL,6
FLUOROURACIL INJ,6
CISPLATIN FOR INJ,6
REGORAFENIB,5
TEVAOXALI,5
FUROSEMIDE ,5
CAPECITABINE 500MG,5
FARMORUBICINA,5
PACLITAXEL 100MG 16 7ML HOSPIRA,5
FILGRASTIM,5
ZEJULA,5
IRINOTECAN HYDROCHLORIDE INJECTION  20 MG ML  2 ML AND 5 ML VIALS   AN,5
XL184,5
PEMAZYRE,5
TIRAGOLUMAB,5
MARGETUXIMAB ,5
SITAGLIPTIN,5
SODIUM CHLORIDE,5
GW572016,5
5 FU,5
NEXIUM,4
FLUOROURACIL  MANUFACTURER UNKNOWN   FLUOROURACIL   FLUOROURACIL ,4
CIPROFLOXACIN ,4
IRINOTECAN HYDROCHLORIDE ,4
MEKINIST,4
XARELTO,4
OXYCONTIN,4
OLAPARIB,4
FLUOROURACIL  MANUFACTURER UNKNOWN ,4
LANSOPRAZOLE ,4
NEUPOGEN,4
LETROZOLE ,4
WARFARIN,4
GEMCITABINE,4
TAPENTADOL HYDROCHLORIDE,4
TAFINLAR,4
METHOTREXATE ,4
FARMORUBICIN,4
CISPLATIN MYLAN,4
OLAPARIB ,4
CAPECITABINE ACCORD,4
RITUXAN,4
PERJETA,4
SPRYCEL,4
FLUOROURACILE,4
XERMELO,4
TRASTUZUMAB DERUXTECAN ,4
RANITIDINE ,4
PIQRAY,4
CAPECITABINE TABLETS 500 MG,4
BRAFTOVI,4
DEXAMETHASONE,4
PLATINEX,4
BLINDED BEVACIZUMAB,4
ALOXI,4
FLOUROURACIL,4
EPIRUBICIN  UNKNOWN ,3
OXALIPLATIN  UNKNOWN ,3
HUMIRA,3
FLUOROURACILE ACCORD,3
CIPROFLOXACIN,3
JEVTANA,3
BLINDED THERAPY,3
CANCIDAS,3
DURAGESIC,3
CREON,3
ETOPOSIDE ,3
HYCAMTIN,3
DOXORUBICIN HYDROCHLORIDE ,3
E FEN BUCCAL,3
ZOFRAN,3
ELIQUIS,3
PREDNISOLONE ,3
LEUCOVORIN CALCIUM  MANUFACTURER UNKNOWN ,3
CAPECITABINE 500 MG,3
IMATINIB MESYLATE 400MG RANBAXY,3
TAS 102,3
SYMPROIC,3
PROLIA,3
IMATINIB 400MG,3
NERLYNX,3
LIXIANA TABLETS,3
IMBRUVICA,3
OXALIPLATINE,3
OXALIPLATIN 5MG ML POWDER FOR SOLUTION FOR INFUSION,3
FLUOROURACIL AHCL,3
RANITIDINE,3
MARGETUXIMAB,3
PREDNISOLONE,3
INFIGRATINIB,3
OCTREOTIDE,3
ETOPOSIDE,3
TUCATINIB,3
VOLTAREN,3
CELEBREX,3
LANSOPRAZOLE,3
IRINOTECAN 65 MG M2,3
ALIMTA,3
DUROTEP,3
VELCADE,3
IRESSA,3
VEPESID,3
BEVACIZUMAB Q 3 WEEKS,3
MITOMYCIN,3
RAD 666 RAD TAB CMAS,3
FENTANYL TRANSDERMAL SYSTEM,3
CRIZOTINIB,2
ARIXTRA,2
DOCETAXEL ACTAVIS,2
PHARMORUBICIN,2
SPIRIVA,2
AMITIZA,2
ZOLEDRONATE,2
PACLITAXEL  UNKNOWN ,2
PROMACTA,2
ZIV AFLIBERCEPT,2
CAPECITABINE 500MG TEVA PHARMACEUTICALS,2
NEORAL,2
CALCIO LEVOFOLINATO TEVA   175 MG POLVERE PER SOLUZIONE PER INFUSIONE,2
ICLUSIG,2
FUSILEV,2
STUDY PROCEDURE,2
RIVAROXABAN,2
ACLASTA,2
RHEUMATREX,2
CAPECITABINE 500 MG TEVA,2
CISPLATINA TEVA,2
ZYKADIA,2
AXITINIB,2
ESOMEPRAZOLE MAGNESIUM ,2
5  GLUCOSE  INJECTION,2
CAPECITABINE  500MG,2
NEULASTIM,2
MABTHERA,2
PRINIVIL,2
PACLITAXEL HOSPIRA,2
CASODEX,2
SUSTOL,2
IMATINIB MES TAB,2
BLINDED APIXABAN,2
ULTRAVIST,2
CAPECITABINE TABLET,2
RUBRACA,2
METFORMIN HYDROCHLORIDE ,2
METFORMIN,2
CALCIUM FOLINAT,2
ZARXIO,2
AVELUMAB,2
LIPOSOMAL IRINOTECAN,2
IRBETAN,2
OXALIPLATIN INJECTION 50MG 10 ML 100MG 20ML,2
DARBEPOETIN ALFA,2
OXINORM  OXYCODONE HYDROCHLORIDE ,2
CO AMOXICLAV,2
PREVACID 24 HR,2
ZOPHREN,2
OXALIPLATIN TEVA,2
OXALIPLATIN SOLUTION FOR INFUSION,2
AKYNZEO,2
IMATINIB MESYLATE TABLETS,2
CAELYX,2
METHYLPREDNISOLONE SODIUM SUCCINATE ,2
DOCETAXEL INJECTION USP  20 MG 0 5 ML  SINGLE DOSE VIAL  TWO VIAL FORM,2
LYRICA,2
GRANISETRON,2
VALSARTAN ,2
IMFINZI,2
OXALIPLATIN INJECTION,2
HERTRAZ 440,2
IMATINIB MES,2
FLECTOR,2
OXALIPLATIN INTRAVENOUS INFUSION 200MG  TEVA ,2
ANZATAX  PACLITAXEL ,2
APREPITANT ,2
METHYLPREDNISOLONE ,2
ONDANSETRON  MANUFACTURER UNKNOWN ,2
CAPECITABINE 500 MG NOVADOZ PHARMACEUTICALS,2
SAMFENET,2
LEVOLEUCOVORIN ,2
KADCYLA,2
SUNITINIB MALATE ,2
UDENYCA,2
ONIVYDE,2
EDOXABAN TOSYLATE,2
OXALIPLATIN  EBEWE ,2
PHESGO,2
RANITIDINE TABLETS,2
CAPECITABINE TABLETS,2
FEMARA,2
VITRAKVI,2
LEVOFLOXACIN ,2
ADCIRCA,2
DOXORUBICIN HYDROCHLORIDE,2
DENOSUMAB,2
TUKYSA,2
TEMODAR,2
KISQALI,2
CELLCEPT,2
VISIPAQUE,2
FOSAPREPITANT DIMEGLUMINE,2
TRAZIMERA,2
OXYCODONE HYDROCHLORIDE,2
ZOLEDRONIC ACID,2
ENOXAPARIN SODIUM,2
KABIVEN,2
NETSPOT,2
HYDROCORTISONE,2
TRAMADOL,2
ALBUMIN HUMAN,2
WARFARIN SODIUM,2
TOPOTECAN,2
HEPARIN SODIUM,2
FENTANYL CITRATE,2
BEVACIZUMAB    15MG KG,2
MYSLEE,2
BEVACIZUMAB GENENTECH,2
OMEPRAL,2
OXALIPLATIN  OXALIPLATIN   OXALIPLATIN ,2
SEROQUEL,2
AUGMENTIN  125 ,2
ANAPEINE INJECTION,2
DURAGESIC 100,2
LEUPROLIDE ACETATE,2
PROLEUKIN,2
TOPOTECIN,2
EFFEXOR,2
FLUDARABINE PHOSPHATE,2
PERSANTINE,2
OLANZAPINE,2
METFORMIN HCL,2
FARMORUBICINE,2
RAD 666 RAD TAB,2
BEVACUZUMAB,2
PEMETREXED,2
ERLOTINIB 150 MG GENETECH,2
ERLOTINIB HYDROCHLORIDE,2
TEGRETOL,2
PRADAXA,2
FENTANYL 100,2
TRAMADOL HCL,2
CLEXANE,2
ERLOTINIB TABLET,2
LEUCOVORIN CALCIUM FOR INJ  50MG   BEDFORD LABS  INC ,2
5 FU HEXAL,2
FLUOROURACIL  FLUOROURACIL   SOLUTION FOR INFUSION   FLUOROURACIL ,2
AZOR,2
RIFAMPIN,1
OXALIPLATIN INJECTION  OXALIPLATIN ,1
G CSF  TEVAGRASTIM RATIOGRASTIM ,1
RABECURE,1
FLUOROURACIL TEVA IN PLASTIC BAXTER BAG,1
FLUOROURACIL  UNKNOWN ,1
RIASTAP,1
CIPROFLOXACIN  CIPROFLOXACIN   UNKNOWN   CIPROFLOXACIN ,1
DOXORUBICIN  UNKNOWN ,1
COUMADINE,1
SOMATULINE AUTOGEL,1
EPIRUBICIN  EPIRUBICIN HYDROCHLORIDE  INJECTION,1
ATORVASTATIN CALCIUM ,1
VALCYTE,1
OXALIPLATIN TEVA 5 MG ML  KONCENTR T PRO INFUZN  ROZ,1
ZOLPIDEM,1
MYCAMINE,1
CARBOPLATINE ACTAVIS,1
AFLIBERCEPT,1
URSODEOXYCHOLIC ACID,1
OBINUTUZUMAB,1
FLUOROURACIL PLIVA 500 MG 10 ML,1
FILGRASTIM BS INJ   NK   FILGRASTIM  GENETICAL RECOMBINATION  ,1
ZETIA,1
ETOPOSID EBEWE,1
FLUOROURACIL PLIVA,1
EPIRUBICIN SOLUTION FOR INJECTION,1
PACLITAXEL MYLAN GENERICS 6 MG ML,1
SELOZOK,1
FENTANYL CITRATE ,1
OXALIPLATIN 5MG ML CONCENTRATE FOR SOLUTION FOR INFUSION  OXALIPLATIN   OXALIPLATIN ,1
MITOMYCIN ,1
CIPROFLOXACIN BETAIN,1
LEUKOWORYNA,1
EPIRUBICIN  MANUFACTURER UNKNOWN   EPIRUBICIN HYDROCHLORIDE   EPIRUBICIN HYDROCHLORIDE ,1
OCTREOSCAN,1
 HENYTOIN SODIUM  NON SPECIFIC ,1
CRESTOR,1
MARINOL,1
CARBOPLATIN  UNKNOWN ,1
LANSOPRAZOLE GENERIC  LANSOPRAZOLE  UNKNOWN,1
ZYTIGA,1
PACLITAXEL 300MG 50ML HOSPIRA,1
TAPENTA  TAPENTADOL ,1
RITUXIMAB,1
TACROLIMUS ,1
LDK378,1
PACLITAXEL  ATLLC ,1
IFEX,1
FLUOROURACILE TEVA   5 G 100 ML SOLUZIONE PER INFUSIONE,1
CORTEF,1
CISPLATINO TEVA ITALIA,1
BUMINATE,1
ENTRESTO,1
IRINOTECAN HOSPIRA,1
ENDOXAN,1
NUTROPIN,1
MSB0010718C,1
GABAPENTIN ,1
CISPLATIN TEVA,1
PACLITAXEL 6MG ML CONCENTRATE FOR SOLUTION FOR INFUSION,1
IMATINIB  400 MG SUN,1
ANASTROZOLE ,1
ZYDELIG,1
PREDNISOLONE  UNKNOWN ,1
CYTARABINE ,1
CYTARABINE  MANUFACTURER UNKNOWN ,1
ESOMEPRAZOLE INJECTION,1
WARFARIN SODIUM ,1
ACETYLSALICYLIC ACID    100 MG ,1
BLINDED CAPECITABINE,1
OXALIPLATIN  20ML SAGENT,1
ZYPREXA,1
IMATINIB 400 MG,1
LEUPLIN SR,1
ATENOLOL ,1
AUGMENTIN,1
OCTREOTIDE ,1
HARVONI,1
HERCLON,1
EFFIENT,1
METOPROLOL ,1
METOPROLOL TARTRATE ,1
BELSOMRA,1
CYMBALTA,1
LUPRON DEPOT,1
OXALIPLATIN 100MG 20ML TEVA PHARMACEUTICALS,1
IFOSFAMIDE ,1
BIBF 1120,1
TRUVADA,1
ETHYOL,1
IMATINIB MES TAB 400MG,1
ENBREL,1
FLUOROURACILE PFIZER,1
CARDIZEM,1
DOCETAXEL 80MG 8ML HOSPIRA,1
SULFASALAZINE ,1
OXALIPLATIN 100MG,1
MEDI4736,1
TRIPTORELIN PAMOATE   BP,1
OXALIPLATINE TEVA 5 MG ML,1
PACLITAXEL 30MG 5ML HOSPIRA,1
FENTANYL ,1
GILENYA,1
CAPECITABINE 500MG MYLAN PHARMACEUTICALS,1
DOCETAXEL INJECTION,1
JANUMET,1
OXYCODONE HYDROCHLORIDE  SIMILAR TO NDA 22 272 ,1
IMATINIB MES 100MG,1
GLUCOBAY,1
IMATINIB 400MG RANBAXY,1
OXALIPLATIN 50MG 10ML HOSPIRA,1
MANNITOL INTRAVENOUS INFUSION BP 20  W V,1
PACLITAXEL TEVA 6 MG ML,1
TORASEMIDE,1
OXALIPLATINO TEVA 5 MG   ML  CONCENTRATO PER SOLUZIONE PER INFUSIONE,1
PACLITAXEL EBEWE,1
PEGYLATED LIPOSOMAL IRINOTECAN,1
CAPECITABINE 500MG ACCORD,1
EBETAXEL,1
CAPECITABINE 500MG TAB GENENTECH,1
GILOTRIF,1
OKSALIPLATIN TEVA 5 MG ML,1
CAPECITABINE 500MG WEST WARD,1
CAPECITABINE 150 MG TEVA,1
ACTEMRA,1
CAMITOTIC 20 MG ML,1
AZACITIDINE ,1
OXALIPLATIN MYLAN,1
OXALIPLATIN INJECTION 5OXALIPLATINO TEVA 5 MG   ML  CONCENTRATO PER SO,1
IRINOTECAN LIPOSOME,1
PACLITAXEL TEVA   6 MG ML CONCENTRATO PER SOLUZIONE PER INFUSIONE,1
RAMUCIRUMAB 500MG,1
PROGRAF,1
LEUKOVORIN,1
IRINOTECAN HIKMA,1
IBRUTINIB,1
OXIFAST,1
CYPROHEPTADINE HYDROCHLORIDE ,1
OXALIPLATINO ACCORD,1
TRAMAL OD,1
VIZAMYL,1
NIRAPARIB CAPSULE,1
VEMURAFENIB ,1
PACLITAXEL TEVA ITALIA,1
METFORMIN HYDROCHLORIDE ER,1
CARBOPLATINE ACCORD,1
PRAVASTATIN SODIUM ,1
OXALIPLATINO WINTHROP,1
CARVEDILOL TABLETS,1
CAPECITABINA  1224A ,1
DOCETAXEL TEVA,1
CAPECITABINA ACCORD,1
ACETYLSALICYLIC ACID  CARDIO ,1
NUCYNTA ER,1
CAPECITABINE 500 MG TAB,1
GENVOYA,1
CAPECITABINE 500MG ROXANE,1
5 FLUORO URACILE,1
PRAZAXA,1
METHOTREXATE SODIUM ,1
DEXAMETHASONE INJECTION  MANUFACTURER UNKNOWN ,1
LIPOVENOES MCT 20 ,1
CAPECITABINE TAB 500 MG,1
OXALIPLATIN TEVA 5 MG   ML  CONCENTRATE FOR SOLUTION FOR INFUSION,1
AVOLVE,1
DUROGESIC,1
FLUOROURACIL GRY 50 MG ML INJEKTIONSLOESUNG,1
TRASTUZUMAB  TRASTUZUMAB ,1
RIBOEPI,1
OXYCODONE HYDROCHLORIDE ,1
CAPECITABINE TAB 150MG,1
TORISEL,1
L OHP,1
CAPECITABINE 500MG ACCORD HEALTHCARE  INC,1
GRANIX,1
MEKTOVI,1
TRASTUZUMAB BS FOR I V  INFUSION  CTH ,1
ENTECAVIR ,1
PACLITAXEL ACCORD HEALTHCARE ITALY,1
CHOLESTYRAMINE ,1
HIZENTRA,1
OXALIPATIN,1
REGORAFENIB ,1
FLUOROURACILE TEVA 250 MG 5 ML SOLUZIONE PER INFUSIONE,1
IMATINIB MES TAB 100MG,1
OXALIPLATINO 5 MG ML CONCENTRATE FOR SOLUTION FOR INFU,1
LENVIMA,1
FLUOROURACILE TEVA 500 MG 10 ML SOLUZIONE PER INFUSIONE,1
ITRIZOLE,1
CISPLATINE,1
KALETRA,1
ERYTHROCIN,1
OXALIPLATINO SUN,1
HUMALOG,1
DOCETAXEL SDV 20MG ML,1
OXALIPLATINO 5 MG   ML  CONCENTRATO PER SOLUZIONE PER INFUSIONE,1
OXALIPLATINO,1
PACLITAXEL PLIVA,1
MYRBETRIQ,1
PACLITAXEL INJECTION USP,1
NORTHERA,1
MITOMYCIN SOLUTION,1
ESOMEPRAZOLE ESOMEPRAZOLE MAGNESIUM ESOMEPRAZOLE SODIUM,1
DEXAVEN,1
PREGABALIN ,1
ONDANSETRON CLARIS,1
ATROVENT,1
FERINJECT,1
OXALIPLATIN 50MG 10ML SDV INJ,1
OXALIPLATIN 50MG 10ML,1
TIBSOVO,1
ACETYLSALICYLIC ACID,1
DOXIL,1
OXALIPLATINO  7351A ,1
SELZENTRY,1
OXYCODONE,1
IMATINIB MESYLATE 400MG TABLET,1
OCTREOTIDE ACETATE INJECTION,1
IMATINIB   400MG,1
CAPECITABINA  UNKNOWN,1
TRASTUZUMAB BS,1
LEVOFOLINIC ACID,1
CAPECITABINE FILM COATED TABLET,1
CAPCITABINE 500MG NOVADOZ PHARMACEUTICALS,1
ENTRECTINIB,1
LEUCOVORIN CALCIUM 200 MG FRESENIUS KABI USA,1
PALONOSETRON HYDROCHLORID 0 25 MG 5ML SANDOZ,1
FLUOROURACIL 5 GM 100ML ACCORD HEALTHCARE,1
JANUVIA,1
CAPECITABINE TAB,1
UNITAXEL,1
OXALIPLATIN INJECTION SINGLE USE VIAL,1
PACLITAXEL TEVA 6 MG ML  CONCENTRATO PER SOLUZIONE PER INFUSIONE,1
FOSAPREPITANT DIMEGLUMINE ,1
OMEPRAZOLE ,1
RETEVMO,1
FUROSEMIDE,1
CALCIO LEVOFOLINATO TEVA 100 MG POLVERE PER SOLUZIONE PER INFUSIONE,1
CLINDAMYCIN ,1
PACLITAXEL ACCORD,1
CAPECITABINE  UNKNOWN,1
PACLITAXEL  2698A ,1
GEMCITABINE GEMCITABINE HYDROCHLORIDE,1
COMIRNATY,1
TENECTEPLASE,1
CAPECITABINE 500 MG TABS,1
CAPECITABINE 500MG TABLETS,1
PACLITAXEL INJECTION 300 MG 50 ML,1
OXALIPLATIN  EBEWE  200 MG 40 ML,1
OXYCODONE ACETAMINOPHEN,1
RANITIDINE HYDROCHLORIDE  852 ,1
ALPELISIB,1
MS CONTIN,1
BORTEZOMIB,1
OLMESARTAN MEDOXOMIL,1
TOCILIZUMAB,1
EGG PHOSPHOLIPIDS GLYCERIN MEDIUM CHAIN TRIGLYCERIDES SOYBEAN OIL,1
DEXTROSE,1
OCTREOTIDE ACETATE,1
PRIMAQUINE,1
RUNIMOTAMAB,1
NECITUMUMAB,1
XELJANZ,1
HALAVEN,1
AMLODIPINE BESYLATE,1
TAGRISSO,1
AMINO ACIDS DEXTROSE ELECTROLYTES NOS SOYBEAN OIL,1
POMALYST,1
BRUKINSA,1
ACETAMINOPHEN,1
DEXAMETHASONE SODIUM PHOSPHATE,1
ABEMACICLIB,1
ADO TRASTUZUMAB EMTANSINE,1
LANREOTIDE ACETATE,1
CLOPIDOGREL,1
DEXTROSE MONOHYDRATE,1
AUTOGENE CEVUMERAN,1
RYBREVANT,1
OMNISCAN,1
NUTRILIPID I V  FAT EMULSION,1
CELECOXIB,1
DAPAGLIFLOZIN,1
KOVALTRY,1
SITAGLIPTIN PHOSPHATE,1
MANNITOL,1
ONTRUZANT,1
FERRIC CITRATE ANHYDROUS,1
PANTOPRAZOLE SODIUM,1
TRIAMCINOLONE ACETONIDE,1
TEMOZOLOMIDE,1
GAVRETO,1
IRON ISOMALTOSIDE 1000,1
PRIMOVIST,1
LUTATHERA,1
TYLOX,1
APREPITANT,1
METHYLPREDNISOLONE ACETATE,1
TAVALISSE,1
EMTRICITABINE TENOFOVIR DISOPROXIL FUMARATE,1
VENTOLIN,1
INTRALIPID,1
TRASTUZUMAB DKST,1
VONOPRAZAN FUMARATE,1
VINCRISTINE,1
VFEND,1
LETROZOLE,1
ZIEXTENZO,1
FLUOROURACIL LEUCOVORIN,1
SOLU MEDROL,1
CYCLOPHOSPHAMIDE,1
SMOFLIPID,1
GEMCITABINE HYDROCHLORIDE,1
QUETIAPINE,1
LAMISIL,1
CPT 11  IRINOTECAN ,1
ZELNORM,1
CORDARONE,1
OMNIPAQUE 180,1
 OXALIPLATIN    SOLUTION,1
FUDR,1
PEMETREXED  LY231514 ,1
PEPCID RPD,1
 OXALIPLATIN    SOLUTION   UNIT DOSE   UNKNOWN,1
FARMORUBICIN  EPIRUBICIN HYDROCHLORIDE  POWDER  STERILE,1
IRINOTECAN HYDROCHLORIDE   IRINOTECAN HYDROCHLORIDE ,1
MITOMYCIN C,1
5 FLUOROURACIL  FLUOROURACIL ,1
TAKEPRON                LANSOPRAZOLE ,1
TAMIFLU,1
OXALIPLATIN   SOLUTION,1
BEVACIZUMAB 5 MG KG  DAYS 1 AND 15 ON 28 DAY CYCLE,1
BEVACIZUMAB   5MG KG  DAYS 1 AND 15 OF 28 DAY CYCLE ,1
BEVACIZUMAB  5 MG KG  DAYS 1 AND 15 OF 28 DAY CYCLE ,1
IOPAMIDOL 300,1
PIPERACILLIN,1
OXALIPLATIN   SOLUTION   130 MG M2,1
MITOMYCIN C BULK POWDER,1
IRINOTECAN HYDROCHLORIDE SOLUTION,1
LANSAP 800  LANSOPRAZOLE  CLARITHROMYCIN  AMOXICILLIN   PREPARATION FO,1
RABEPRAZOLE SODIUM,1
BEVACIZUMAB   GENENTECH  INC ,1
BEVACIZUMAB 15MG KG,1
BETAMETHASONE DIPROPIONATE,1
RANITIDINE HCL,1
BEVACIZUMAB   15MG KG,1
MOTILIUM,1
IOPAMIRON,1
CETUXIMAB  BRISTOL MYERS SQUIBB,1
BRISPLATIN,1
IRINOTECAN HYDROCHLORIDE SOLUTION  STERILE,1
CETUXIMAB   BRISTOL MYER SQUIBBS,1
FLUOROURACIL  WATSON LABORATORIES  FLUOROURACIL  INJECTION  50MG ML,1
RANDA,1
SODIUM CHLORIDE 0 9  IN PLASTIC CONTAINER,1
ORAMORPH SR,1
CAP VORINOSTAT UNK,1
OXALIPLATIN 85 MG M25  FLUOUROURACIL 2400MG M2 46HR,1
TAGAMET,1
ERLOTINIB ERLOTINIB HCL   TABLET   ERLOTINIB HCL ,1
TOPOTECAN 4MG M2 IV Q WEEK,1
DECADRON,1
BEVACIZUMAB Q 2 WEEKS,1
MEGACE,1
CISPLATIN 1 MG ML  10MG ML  20MG ML  50 MG ML   100MG ML,1
URSO 250,1
TAMOXIFEN,1
BEVACIZUMAB  7 5MG KG  GENENTECH ,1
BLOPRESS,1
TAMOXIFEN CITRATE,1
VINORELBINE,1
XYLOCAINE,1
BEVACIUMAB 7 5,1
CETUXIMAB 250MG M2 BRISTOL MEYER SQUIBB,1
CETUXIMAB 250 MG M2 BRISTOL MYERS SQUIBB,1
STI571 CGP57148B T35717 CAPS,1
CRAVIT,1
GRANISETRON HYDROCHLORIDE,1
TAZOCIN,1
EXEMESTANE,1
SYNTHROID,1
OXALIPLATIN CETUXIMAB,1
VIRAMUNE,1
UNIPHYLLIN CONTINUS TABLETS 200 MG,1
RAD001  EVEROLIMUS 10 MG   ONCE DAILY NOVARTIS,1
ZITHROMAX,1
BEVACIZUMAB GENETECH,1
DUROTEP MT PATCH,1
ERLOTINIB            ERLOTINIB ,1
TRANXENE,1
KEPPRA,1
EPIRUBICIN HYDROCHLORIDE INJECTION ,1
STI571 CGP57148B T35717 TAB,1
FLUCONAZOLE ,1
LEVOFLOXACIN,1
IXABEPILONE,1
LENALIDOMIDE,1
PROLEUKIN FOR INJECTION  ALDESLEUKIN ,1
SUTENE,1
NOVORAPID FLEXPEN,1
DABIGATRAN,1
METHADONE HYDROCHLORIDE,1
PARIET  RABEPRAZOLE ,1
THALIDOMIDE,1
PLATOSIN,1
LOVENOX,1
EPIRUBICIN SANDOZ,1
NPLATE,1
ZOLINZA,1
ITRACONAZOLE,1
ULTRAVIST 300,1
TOVIAZ,1
PREZISTA,1
GRANULOKINE,1
CABAZITAXEL   40MG,1
PLETAL,1
METFFORMIN HYDROCHLORIDE,1
CDDP CISPLATIN,1
DUROTEP MT,1
PEGINTRON POWDER FOR INJECTION 150MICROG,1
LOSARTAN POTASSIUM,1
CLOZARIL,1
PACLITAXEL TEVA,1
LIPITOR,1
OXYCODONE HCL PR TABLET 20 MG,1
VICTOZA HIKACHU INJECTION,1
PEGINTRON,1
OXALIPLATIN  OXALIPLATIN ,1
OMEPRAZOLE  UNKNOWN ,1
OMEPRAZOLE,1
ASPIRIN,1
GLUCOSIO 5  BAXTER,1
XELODA 500MG GENETECH,1
FLUROURACIL  FLUROURACIL   FLUROURACIL ,1
ONETAXOTERE,1
BLINDED INSULIN,1
FARLUTAL,1
EMEND IV,1
VISMODEGIB,1
PEGASYS,1
OXALIPLATIN  MANUFACTURER UNKNOWN   OXALIPLATIN   OXALIPLATIN ,1
TACROLIMUS,1
ZALTRAP,1
PHOTOFRIN,1
PORFIMER SODIUM,1
EPIRUBICINE INFUSIEPOEDER 10MG,1
METRONIDAZOLE,1
ALGINIC ACID ALUMINUM HYDROXIDE MAGNESIUM CARBONATE,1
REFLEX,1
IBUPROFENO,1
ADRIAMYCIN,1
TAXOL INJ,1
ATENOLOL,1
FLUROURACIL,1
FLUOROURCILE TEVA,1
OXALIPLATIN 5 MG ML  CONCENTRATE FOR SOLUTION FOR INFUSION,1
5  FU  FLUOROURACIL ,1
BUTRANS,1
ROMIPLOSTIM   KHK,1
PACLITAXEL ACTAVIS,1
OPC 41061,1
FEBURIC,1
MEDROL,1
OXY CR TAB,1
BLINDED VISMODEGIB,1
VANCOMYCIN,1
SANDOSTATIN LAR DEPOT  OCTREOTIDE WITH POLY D L LACTIDE CO GLYCOLIDE   UNKNOWN,1
5 FLUOROURACIL SANDOZ,1
5FU FLUOROURACIL,1
