PT,n
DEATH,1437
DIARRHOEA,1338
OFF LABEL USE,1266
NAUSEA,1060
MALIGNANT NEOPLASM PROGRESSION,1048
VOMITING,946
DECREASED APPETITE,795
NEUTROPENIA,710
ANAEMIA,697
DISEASE PROGRESSION,635
FATIGUE,586
PYREXIA,581
FEBRILE NEUTROPENIA,579
ASTHENIA,530
THROMBOCYTOPENIA,483
MALAISE,416
DYSPNOEA,404
PNEUMONIA,396
PLATELET COUNT DECREASED,396
INTERSTITIAL LUNG DISEASE,393
ABDOMINAL PAIN,390
DEHYDRATION,382
NEUROPATHY PERIPHERAL,364
MYELOSUPPRESSION,356
NEUTROPHIL COUNT DECREASED,350
WHITE BLOOD CELL COUNT DECREASED,348
LEUKOPENIA,341
ASCITES,315
PALMAR-PLANTAR ERYTHRODYSAESTHESIA SYNDROME,302
PRODUCT USE IN UNAPPROVED INDICATION,290
GASTRIC CANCER,289
STOMATITIS,279
GENERAL PHYSICAL HEALTH DETERIORATION,274
SEPSIS,261
WEIGHT DECREASED,255
HEPATIC FUNCTION ABNORMAL,241
INTENTIONAL PRODUCT USE ISSUE,231
PULMONARY EMBOLISM,229
MUCOSAL INFLAMMATION,225
BONE MARROW FAILURE,215
RASH,213
CONSTIPATION,211
DRUG INEFFECTIVE,199
HAEMOGLOBIN DECREASED,193
DISSEMINATED INTRAVASCULAR COAGULATION,192
PAIN,189
SEPTIC SHOCK,187
NEUROTOXICITY,175
DIZZINESS,173
RENAL IMPAIRMENT,173
INTESTINAL OBSTRUCTION,169
ALOPECIA,166
HYPOTENSION,165
ABDOMINAL PAIN UPPER,159
PLEURAL EFFUSION,154
GASTROINTESTINAL HAEMORRHAGE,153
RENAL FAILURE,152
HYPOKALAEMIA,149
PRURITUS,144
CHILLS,142
ACUTE KIDNEY INJURY,142
OEDEMA PERIPHERAL,136
FULMINANT TYPE 1 DIABETES MELLITUS,135
CHEST PAIN,134
DYSPHAGIA,134
ERYTHEMA,133
HYPERTENSION,133
GASTRIC PERFORATION,132
ASPARTATE AMINOTRANSFERASE INCREASED,128
CONDITION AGGRAVATED,128
HYPOAESTHESIA,127
INFECTION,126
HYPONATRAEMIA,124
UNDERDOSE,124
CEREBRAL INFARCTION,123
ALANINE AMINOTRANSFERASE INCREASED,123
RESPIRATORY FAILURE,121
HEADACHE,120
PERITONITIS,119
FALL,118
HYPERSENSITIVITY,117
HYPOTHYROIDISM,117
LIVER DISORDER,114
PNEUMONITIS,111
PRODUCT USE ISSUE,110
PANCYTOPENIA,110
ILEUS,106
PARAESTHESIA,106
CARDIAC FAILURE,104
METASTASES TO LIVER,104
PNEUMONIA ASPIRATION,102
BACK PAIN,101
BLOOD CREATININE INCREASED,101
INFUSION RELATED REACTION,101
IMMUNE-MEDIATED ENTEROCOLITIS,101
TOXICITY TO VARIOUS AGENTS,97
DEEP VEIN THROMBOSIS,96
HAEMATEMESIS,95
BLOOD PRESSURE DECREASED,95
ADRENAL INSUFFICIENCY,95
GASTROINTESTINAL DISORDER,94
TUMOUR HAEMORRHAGE,93
NEOPLASM PROGRESSION,91
ABDOMINAL DISTENSION,89
BLOOD BILIRUBIN INCREASED,89
COUGH,88
PAIN IN EXTREMITY,88
ENTEROCOLITIS,88
ATRIAL FIBRILLATION,87
GASTROINTESTINAL PERFORATION,87
SYNCOPE,86
ARTHRALGIA,85
DEPRESSED LEVEL OF CONSCIOUSNESS,85
HAEMATOTOXICITY,84
COLITIS,83
NEOPLASM MALIGNANT,83
THROMBOSIS,82
HAEMORRHAGE,82
LOSS OF CONSCIOUSNESS,82
URINARY TRACT INFECTION,81
HEPATIC FAILURE,80
NO ADVERSE EVENT,79
LIVER INJURY,78
MYOCARDIAL INFARCTION,77
,76
CHOLANGITIS,76
TREMOR,73
CEREBROVASCULAR ACCIDENT,71
TACHYCARDIA,71
OXYGEN SATURATION DECREASED,70
CARDIAC ARREST,69
C-REACTIVE PROTEIN INCREASED,68
EPISTAXIS,68
GASTRIC HAEMORRHAGE,67
HYPOPHAGIA,66
ADVERSE EVENT,66
PERIPHERAL SENSORY NEUROPATHY,65
ALTERED STATE OF CONSCIOUSNESS,64
OEDEMA,63
FLUSHING,60
MYALGIA,60
CHEST DISCOMFORT,60
INSOMNIA,60
PERIPHERAL SWELLING,60
HYPOALBUMINAEMIA,60
MELAENA,59
OVERDOSE,59
PROTEINURIA,59
GAIT DISTURBANCE,59
PNEUMONIA BACTERIAL,59
ANXIETY,59
JAUNDICE,58
PNEUMOTHORAX,58
DIABETIC KETOACIDOSIS,58
BLOOD PRESSURE INCREASED,57
METASTATIC GASTRIC CANCER,57
ABDOMINAL DISCOMFORT,57
UPPER GASTROINTESTINAL HAEMORRHAGE,57
MALNUTRITION,57
HYDRONEPHROSIS,56
MUSCULAR WEAKNESS,56
DRUG-INDUCED LIVER INJURY,56
RENAL DISORDER,55
HYPERKALAEMIA,55
DISCOMFORT,55
SHOCK,55
COVID-19,55
DRUG INTERACTION,54
ACUTE MYOCARDIAL INFARCTION,54
DYSPEPSIA,54
CARDIOTOXICITY,53
HYPERHIDROSIS,53
SOMNOLENCE,53
MUSCLE SPASMS,52
HYPOCALCAEMIA,51
CHOLECYSTITIS,51
HYPOGLYCAEMIA,51
MYOCARDITIS,51
DEPRESSION,50
POLYNEUROPATHY,49
ANAPHYLACTIC SHOCK,49
HAEMATOCHEZIA,48
HYPERGLYCAEMIA,48
OESOPHAGITIS,48
CACHEXIA,47
CONFUSIONAL STATE,47
JAUNDICE CHOLESTATIC,47
HYPOPITUITARISM,47
ENTERITIS,46
ADRENOCORTICOTROPIC HORMONE DEFICIENCY,46
METASTASES TO PERITONEUM,46
BLOOD ALKALINE PHOSPHATASE INCREASED,46
NASOPHARYNGITIS,46
TUMOUR PERFORATION,45
LUNG DISORDER,45
DRUG INTOLERANCE,45
HOSPITALISATION,45
MULTIPLE ORGAN DYSFUNCTION SYNDROME,45
INAPPROPRIATE SCHEDULE OF PRODUCT ADMINISTRATION,45
ANAPHYLACTIC REACTION,44
HEPATOTOXICITY,44
NEUTROPENIC SEPSIS,44
CEREBRAL HAEMORRHAGE,44
TYPE 1 DIABETES MELLITUS,44
DELIRIUM,43
OBSTRUCTION GASTRIC,43
INTESTINAL PERFORATION,43
DYSGEUSIA,42
CIRCULATORY COLLAPSE,42
PERICARDIAL EFFUSION,42
ARRHYTHMIA,41
PANCREATITIS,41
PEMPHIGOID,41
SKIN DISORDER,41
PALPITATIONS,40
TUMOUR LYSIS SYNDROME,40
SECONDARY ADRENOCORTICAL INSUFFICIENCY,40
GASTROOESOPHAGEAL REFLUX DISEASE,39
METASTASES TO CENTRAL NERVOUS SYSTEM,39
BLISTER,39
BRADYCARDIA,39
HYPERBILIRUBINAEMIA,39
HICCUPS,39
HAEMATURIA,38
GAMMA-GLUTAMYLTRANSFERASE INCREASED,38
CARDIO-RESPIRATORY ARREST,38
ENCEPHALOPATHY,38
HYPOXIA,38
EMBOLISM,38
TRANSAMINASES INCREASED,38
PULMONARY TOXICITY,38
FEELING ABNORMAL,37
URTICARIA,37
PULMONARY OEDEMA,37
HEART RATE INCREASED,36
EJECTION FRACTION DECREASED,36
BLOOD CREATINE PHOSPHOKINASE INCREASED,36
METASTASES TO LUNG,36
IMMUNE-MEDIATED LUNG DISEASE,36
IMMUNE-MEDIATED HEPATIC DISORDER,36
SUDDEN DEATH,35
BLOOD GLUCOSE INCREASED,35
DRY MOUTH,35
WEIGHT INCREASED,35
WHITE BLOOD CELL COUNT INCREASED,35
SKIN DISCOLOURATION,34
BLOOD UREA INCREASED,34
DEVICE RELATED INFECTION,34
METASTASES TO MENINGES,34
BACTERAEMIA,34
DRUG ERUPTION,34
DIABETES MELLITUS,34
BRONCHOSPASM,34
STEVENS-JOHNSON SYNDROME,34
NEOPLASM,33
AGRANULOCYTOSIS,33
THERAPY PARTIAL RESPONDER,33
METASTASES TO BONE,32
ANASTOMOTIC LEAK,32
LIVER ABSCESS,32
DRUG HYPERSENSITIVITY,32
DISEASE RECURRENCE,32
IMMUNE-MEDIATED HEPATITIS,32
HYPOMAGNESAEMIA,31
LEUKOENCEPHALOPATHY,31
DRY SKIN,31
LYMPHADENOPATHY,31
COMA,31
DYSPHONIA,30
POSTERIOR REVERSIBLE ENCEPHALOPATHY SYNDROME,30
HAEMOLYTIC ANAEMIA,30
PRESCRIBED UNDERDOSE,30
CHOLANGITIS SCLEROSING,30
GASTRITIS,29
ELECTROLYTE IMBALANCE,29
EATING DISORDER,29
LARGE INTESTINE PERFORATION,29
HEPATITIS,29
CYTOKINE RELEASE SYNDROME,29
VENOOCCLUSIVE LIVER DISEASE,29
MYASTHENIA GRAVIS,29
DYSARTHRIA,28
METABOLIC ACIDOSIS,28
NEPHROPATHY TOXIC,28
ILEUS PARALYTIC,28
ORAL CANDIDIASIS,28
GASTROINTESTINAL TOXICITY,28
VISION BLURRED,28
COGNITIVE DISORDER,28
PNEUMOCYSTIS JIROVECII PNEUMONIA,28
BLOOD POTASSIUM DECREASED,28
SKIN EXFOLIATION,27
FRACTURE,27
PALLOR,27
ILLNESS,27
CARDIAC DISORDER,26
RESPIRATORY ARREST,26
CARDIAC FAILURE CONGESTIVE,26
IMPAIRED HEALING,26
RHEUMATOID ARTHRITIS,26
HYPERTHYROIDISM,26
HER2 POSITIVE GASTRIC CANCER,26
INTESTINAL ISCHAEMIA,25
LETHARGY,25
PRESYNCOPE,25
LACRIMATION INCREASED,25
NEPHROTIC SYNDROME,25
TREATMENT FAILURE,25
SWELLING,25
ORGANISING PNEUMONIA,25
HEPATIC ENZYME INCREASED,25
RESPIRATORY DISORDER,25
SMALL INTESTINAL OBSTRUCTION,24
BLOOD LACTATE DEHYDROGENASE INCREASED,24
ACUTE RESPIRATORY DISTRESS SYNDROME,24
FEELING HOT,24
SPEECH DISORDER,24
METASTASES TO LYMPH NODES,24
CONTUSION,24
HYPERAMMONAEMIA,24
HYPERTHERMIA,24
HAEMATOCRIT DECREASED,23
HERPES ZOSTER,23
RHABDOMYOLYSIS,23
MOUTH ULCERATION,23
GASTRIC CANCER RECURRENT,23
ARTHRITIS,23
ABDOMINAL ABSCESS,23
FAECES DISCOLOURED,23
VISUAL IMPAIRMENT,23
HEPATIC ENCEPHALOPATHY,23
RECTAL HAEMORRHAGE,22
INTERNATIONAL NORMALISED RATIO INCREASED,22
TUBULOINTERSTITIAL NEPHRITIS,22
DYSPNOEA EXERTIONAL,22
SUBARACHNOID HAEMORRHAGE,22
EPILEPSY,22
CYTOPENIA,22
GASTRIC STENOSIS,22
ABDOMINAL PAIN LOWER,22
AUTOIMMUNE HEPATITIS,22
COAGULOPATHY,21
GENERALISED OEDEMA,21
DERMATITIS,21
MALIGNANT ASCITES,21
FLUID RETENTION,21
BURNING SENSATION,21
MYOSITIS,21
ERYTHEMA MULTIFORME,21
PRODUCTIVE COUGH,21
STRESS CARDIOMYOPATHY,21
PRODUCT DOSE OMISSION ISSUE,21
ANGINA PECTORIS,20
MOVEMENT DISORDER,20
ANASTOMOTIC COMPLICATION,20
CARCINOEMBRYONIC ANTIGEN INCREASED,20
RED BLOOD CELL COUNT DECREASED,20
APHASIA,20
VENTRICULAR TACHYCARDIA,20
NERVOUS SYSTEM DISORDER,20
SMALL INTESTINAL PERFORATION,20
ORAL PAIN,20
GASTRIC ULCER,20
BRONCHITIS,20
SEIZURE,20
HOSPICE CARE,20
PANCREATITIS ACUTE,20
EMBOLISM VENOUS,20
LYMPHANGIOSIS CARCINOMATOSA,20
AZOTAEMIA,20
HEPATIC ATROPHY,20
STAPHYLOCOCCAL INFECTION,20
ACUTE RESPIRATORY FAILURE,20
HYPOTHALAMO-PITUITARY DISORDER,20
IMMUNE-MEDIATED MYOCARDITIS,20
IMMUNE-MEDIATED HYPOTHYROIDISM,20
OROPHARYNGEAL PAIN,19
TUMOUR MARKER INCREASED,19
LYMPHOPENIA,19
BLOOD PRESSURE SYSTOLIC INCREASED,19
POLLAKIURIA,19
CELLULITIS,19
PERFORMANCE STATUS DECREASED,19
THERAPEUTIC RESPONSE DECREASED,19
PULMONARY FIBROSIS,19
DIPLOPIA,19
HEPATIC CIRRHOSIS,19
PARALYSIS,19
DIFFUSE ALVEOLAR DAMAGE,19
THERAPEUTIC PRODUCT EFFECT INCOMPLETE,19
TASTE DISORDER,19
THERAPY INTERRUPTED,19
VERTIGO,18
HYPOPHOSPHATAEMIA,18
ATELECTASIS,18
CYANOSIS,18
HYPERAMMONAEMIC ENCEPHALOPATHY,18
FLATULENCE,18
FEEDING DISORDER,18
EYELID PTOSIS,18
MEMORY IMPAIRMENT,18
VENTRICULAR FIBRILLATION,18
GRANULOCYTOPENIA,18
RASH PRURITIC,18
IMMUNE THROMBOCYTOPENIA,18
WHEEZING,18
SLEEP DISORDER,18
GASTROINTESTINAL ANASTOMOTIC LEAK,17
ODYNOPHAGIA,17
BLINDNESS,17
DEMENTIA,17
TRANSIENT ISCHAEMIC ATTACK,17
JOINT SWELLING,17
RETCHING,17
THERAPY CESSATION,17
LEFT VENTRICULAR DYSFUNCTION,17
ABSCESS,17
APPENDICITIS,17
BLOOD ALBUMIN DECREASED,17
CHOLECYSTITIS ACUTE,17
BLOOD SODIUM DECREASED,17
TEMPERATURE INTOLERANCE,17
ADENOCARCINOMA GASTRIC,17
THYROID DISORDER,17
NEUTROPENIC COLITIS,17
PIGMENTATION DISORDER,16
FUNGAL INFECTION,16
DYSURIA,16
LEUKOCYTOSIS,16
SWELLING FACE,16
HAEMOPTYSIS,16
DYSSTASIA,16
CLOSTRIDIUM DIFFICILE COLITIS,16
PYOGENIC GRANULOMA,16
ACUTE CORONARY SYNDROME,16
METASTASIS,16
POST PROCEDURAL HAEMORRHAGE,15
DIVERTICULITIS,15
HYPERPYREXIA,15
BLOOD DISORDER,15
PULMONARY ALVEOLAR HAEMORRHAGE,15
SUBDURAL HAEMATOMA,15
RESTLESSNESS,15
CATARACT,15
INFLAMMATION,15
LOWER RESPIRATORY TRACT INFECTION,15
DRUG RESISTANCE,15
CANCER PAIN,15
AGEUSIA,15
EYE SWELLING,15
UPPER RESPIRATORY TRACT INFECTION,15
SHOCK HAEMORRHAGIC,15
RESPIRATORY DISTRESS,15
CYSTITIS,15
MUSCULOSKELETAL STIFFNESS,15
LABORATORY TEST ABNORMAL,15
GASTROENTERITIS,15
INAPPROPRIATE ANTIDIURETIC HORMONE SECRETION,15
ISCHAEMIC STROKE,15
BACTERIAL INFECTION,15
THROAT IRRITATION,15
GAIT INABILITY,15
BLOOD CORTICOTROPHIN DECREASED,15
TACHYPNOEA,15
DERMATOMYOSITIS,15
MOBILITY DECREASED,14
ORTHOSTATIC HYPOTENSION,14
POST PROCEDURAL COMPLICATION,14
URINARY RETENTION,14
SURGERY,14
PERIPHERAL ISCHAEMIA,14
ABDOMINAL SEPSIS,14
IMMUNODEFICIENCY,14
LIVER FUNCTION TEST ABNORMAL,14
THROAT TIGHTNESS,14
DEAFNESS,14
GASTROINTESTINAL NECROSIS,14
OESOPHAGEAL HAEMORRHAGE,14
GASTROINTESTINAL OBSTRUCTION,14
SKIN ULCER,14
FOETAL EXPOSURE DURING PREGNANCY,14
CARDIAC TAMPONADE,14
PYELONEPHRITIS,14
HAEMOPHAGOCYTIC LYMPHOHISTIOCYTOSIS,14
VENOUS THROMBOSIS,14
CEREBELLAR HAEMORRHAGE,14
OESOPHAGEAL STENOSIS,14
ANURIA,14
THYROIDITIS,14
HYPOTHERMIA,14
PNEUMATOSIS INTESTINALIS,14
INFLUENZA,13
FACE OEDEMA,13
LYMPHOCYTE COUNT DECREASED,13
RHINORRHOEA,13
UNEVALUABLE EVENT,13
MEDICATION ERROR,13
GASTROINTESTINAL STROMAL TUMOUR,13
HOT FLUSH,13
THIRST,13
CHRONIC OBSTRUCTIVE PULMONARY DISEASE,13
TROPONIN INCREASED,13
MATERNAL EXPOSURE DURING PREGNANCY,13
BLOOD CALCIUM DECREASED,13
BILE DUCT STENOSIS,13
LIVER FUNCTION TEST INCREASED,13
CYSTITIS HAEMORRHAGIC,13
DECREASED ACTIVITY,13
PHARYNGITIS,13
ASPIRATION,13
ADRENAL DISORDER,13
CARDIOMYOPATHY,13
VITH NERVE PARALYSIS,13
PRESCRIBED OVERDOSE,13
LOSS OF PERSONAL INDEPENDENCE IN DAILY ACTIVITIES,13
CHOLESTASIS,13
SPLENOMEGALY,13
DYSENTERY,13
DYSKINESIA,13
EASTERN COOPERATIVE ONCOLOGY GROUP PERFORMANCE STATUS WORSENED,13
BLOOD IRON DECREASED,13
BREATH SOUNDS ABNORMAL,13
SINUS TACHYCARDIA,12
ISCHAEMIA,12
PERICARDITIS,12
BONE PAIN,12
HAEMORRHAGE INTRACRANIAL,12
GASTROINTESTINAL PAIN,12
MUSCULOSKELETAL PAIN,12
NECROSIS,12
ARTERIAL THROMBOSIS,12
DEPRESSED MOOD,12
HEPATIC NEOPLASM,12
SUBILEUS,12
MENTAL STATUS CHANGES,12
SKIN REACTION,12
FULL BLOOD COUNT DECREASED,12
AMNESIA,12
HYPOPROTEINAEMIA,12
NECK PAIN,12
SJOGREN'S SYNDROME,12
PULMONARY HYPERTENSION,12
FEELING COLD,12
TUMOUR NECROSIS,12
MYOCARDIAL ISCHAEMIA,12
TETANY,12
PORTAL HYPERTENSION,12
THROMBOPHLEBITIS MIGRANS,12
IMMUNE-MEDIATED MYOSITIS,12
TOXIC EPIDERMAL NECROLYSIS,12
ASTHMA,12
LUNG INFILTRATION,12
TYPE 2 DIABETES MELLITUS,12
APPETITE DISORDER,12
CORONAVIRUS INFECTION,12
HYPOVOLAEMIC SHOCK,12
TREATMENT NONCOMPLIANCE,12
OESOPHAGEAL OBSTRUCTION,11
ASPHYXIA,11
GRANULOCYTE COUNT DECREASED,11
VISUAL ACUITY REDUCED,11
LARYNGEAL OEDEMA,11
HEPATIC STEATOSIS,11
WOUND INFECTION,11
TINNITUS,11
CEREBRAL ISCHAEMIA,11
NEPHROLITHIASIS,11
DISORIENTATION,11
OESOPHAGEAL PERFORATION,11
PNEUMOPERITONEUM,11
URINARY INCONTINENCE,11
ESCHERICHIA SEPSIS,11
ADVERSE DRUG REACTION,11
BILIARY TRACT DISORDER,11
IRON DEFICIENCY ANAEMIA,11
BLOOD GLUCOSE DECREASED,11
MYELODYSPLASTIC SYNDROME,11
PERIPHERAL ARTERY THROMBOSIS,11
RENAL INJURY,11
CYSTOID MACULAR OEDEMA,11
HAEMORRHOIDS,11
BILIARY TRACT INFECTION,11
PYLORIC STENOSIS,11
FREQUENT BOWEL MOVEMENTS,11
DUODENAL PERFORATION,11
AMYLASE INCREASED,11
SUPRAVENTRICULAR TACHYCARDIA,11
HYPOPHYSITIS,11
BEDRIDDEN,11
EXTRAVASATION,11
COLD SWEAT,11
CRANIAL NERVE DISORDER,11
ANAPHYLACTOID REACTION,11
DYSAESTHESIA PHARYNX,11
CONJUNCTIVITIS,11
IMMUNE-MEDIATED ADRENAL INSUFFICIENCY,11
CARDIAC FAILURE ACUTE,10
COMPLETED SUICIDE,10
HYPOACUSIS,10
PROTEIN TOTAL DECREASED,10
AORTIC ANEURYSM,10
DEVICE OCCLUSION,10
HYPOAESTHESIA ORAL,10
DERMATITIS ACNEIFORM,10
PERIPHERAL COLDNESS,10
HAEMATOMA,10
VENOUS THROMBOSIS LIMB,10
PULMONARY TUBERCULOSIS,10
ACUTE MYELOID LEUKAEMIA,10
PSEUDOMEMBRANOUS COLITIS,10
IMMUNE SYSTEM DISORDER,10
BACTERIAL TRANSLOCATION,10
ANAL ABSCESS,10
CHOLELITHIASIS,10
LACTIC ACIDOSIS,10
THROMBOTIC MICROANGIOPATHY,10
LIPASE INCREASED,10
PULMONARY ARTERY THROMBOSIS,10
GASTROINTESTINAL OEDEMA,10
FISTULA,10
MOUTH HAEMORRHAGE,10
COLITIS ISCHAEMIC,10
CARBOHYDRATE ANTIGEN 19-9 INCREASED,10
HYPOVOLAEMIA,10
URINE OUTPUT DECREASED,10
HEPATIC NECROSIS,10
ENCEPHALITIS,10
GASTRIC ULCER HAEMORRHAGE,10
ECZEMA,10
HYPERTRANSAMINASAEMIA,10
CHROMATURIA,10
ELECTROCARDIOGRAM QT PROLONGED,10
PHYSICAL DECONDITIONING,10
LYMPHOMA,10
MONOPARESIS,10
HYDROTHORAX,10
BILIARY OBSTRUCTION,10
INCREASED APPETITE,10
DERMATITIS EXFOLIATIVE GENERALISED,10
HEPATIC LESION,9
ACNE,9
CREATININE RENAL CLEARANCE DECREASED,9
RASH MACULO-PAPULAR,9
HEPATITIS FULMINANT,9
BLOOD TEST ABNORMAL,9
COMPUTERISED TOMOGRAM ABNORMAL,9
INCORRECT DOSE ADMINISTERED,9
CEREBELLAR INFARCTION,9
NEOPLASM RECURRENCE,9
FEMORAL NECK FRACTURE,9
DRY EYE,9
ARTERIOSPASM CORONARY,9
CANDIDA INFECTION,9
PLATELET COUNT INCREASED,9
DERMATITIS EXFOLIATIVE,9
ABDOMINAL INFECTION,9
RASH ERYTHEMATOUS,9
HYPOKINESIA,9
SKIN TOXICITY,9
SECOND PRIMARY MALIGNANCY,9
BODY TEMPERATURE DECREASED,9
HYPERKERATOSIS,9
PERFORATION,9
BLOOD MAGNESIUM DECREASED,9
EXFOLIATIVE RASH,9
IMPAIRED GASTRIC EMPTYING,9
HEPATITIS B,9
CHEMOTHERAPY,9
ENTERITIS INFECTIOUS,9
APHTHOUS ULCER,9
CARDIOGENIC SHOCK,9
EXPOSURE DURING PREGNANCY,9
SMALL INTESTINAL HAEMORRHAGE,9
OLIGURIA,9
BLOOD POTASSIUM INCREASED,9
FEMUR FRACTURE,9
CARDIAC DYSFUNCTION,9
ESCHERICHIA INFECTION,9
TUBERCULOSIS,9
OCULAR HYPERAEMIA,9
PNEUMONIA FUNGAL,9
THERAPY NON-RESPONDER,9
VASCULAR DEVICE INFECTION,9
IGA NEPHROPATHY,9
BILE DUCT STONE,9
HEART RATE DECREASED,9
KETOACIDOSIS,9
LUNG NEOPLASM MALIGNANT,9
PULMONARY HAEMORRHAGE,9
PARAPARESIS,9
TOXIC LEUKOENCEPHALOPATHY,9
IMMUNE-MEDIATED RENAL DISORDER,9
LUMBAR VERTEBRAL FRACTURE,9
ADVERSE REACTION,9
STRABISMUS,9
"HALLUCINATION, VISUAL",9
DIFFERENTIAL WHITE BLOOD CELL COUNT ABNORMAL,9
GASTROINTESTINAL INFLAMMATION,8
NEUTROPHIL COUNT INCREASED,8
HYPERSOMNIA,8
EOSINOPHIL COUNT INCREASED,8
HAEMOLYTIC URAEMIC SYNDROME,8
STUPOR,8
LARYNGOSPASM,8
OSTEONECROSIS OF JAW,8
HYPERCALCAEMIA,8
AORTIC THROMBOSIS,8
CORONARY ARTERY THROMBOSIS,8
LUNG ABSCESS,8
JUGULAR VEIN THROMBOSIS,8
WOUND,8
GASTRIC NEOPLASM,8
CARDIOMEGALY,8
ACUTE PROMYELOCYTIC LEUKAEMIA,8
VIRAL INFECTION,8
HAEMODYNAMIC INSTABILITY,8
SWOLLEN TONGUE,8
AXILLARY VEIN THROMBOSIS,8
ULCER,8
ABNORMAL BEHAVIOUR,8
WOUND DEHISCENCE,8
BLOOD PRESSURE SYSTOLIC DECREASED,8
CARDIOVASCULAR DISORDER,8
HALLUCINATION,8
SKIN HYPERPIGMENTATION,8
CHRONIC KIDNEY DISEASE,8
PORTAL VEIN THROMBOSIS,8
GLAUCOMA,8
HIP FRACTURE,8
PERIPHERAL NERVE INJURY,8
INJECTION SITE PAIN,8
RESPIRATORY RATE INCREASED,8
WHITE BLOOD CELL COUNT ABNORMAL,8
NERVOUSNESS,8
RECURRENT CANCER,8
PREMATURE BABY,8
GINGIVAL BLEEDING,8
VARICES OESOPHAGEAL,8
ILL-DEFINED DISORDER,8
TOXIC SKIN ERUPTION,8
INTENTIONAL OVERDOSE,8
DIARRHOEA HAEMORRHAGIC,8
ONYCHOLYSIS,8
UVEITIS,8
IMMUNE-MEDIATED CHOLANGITIS,8
FLUID INTAKE REDUCED,8
TROPONIN I INCREASED,8
AMAUROSIS FUGAX,8
GALLBLADDER DISORDER,8
DERMATITIS BULLOUS,8
PYELONEPHRITIS ACUTE,8
SIALOADENITIS,8
OXYGEN SATURATION NORMAL,8
EMPHYSEMA,8
IMMUNE-MEDIATED NEPHRITIS,8
GENERAL PHYSICAL CONDITION ABNORMAL,8
SINUS BRADYCARDIA,8
ERYTHROPENIA,7
FULL BLOOD COUNT ABNORMAL,7
ORAL DISORDER,7
GASTRECTOMY,7
GLOSSODYNIA,7
INFUSION SITE EXTRAVASATION,7
ONYCHOMADESIS,7
BLOOD GLUCOSE ABNORMAL,7
INCORRECT DRUG ADMINISTRATION RATE,7
PERIPHERAL MOTOR NEUROPATHY,7
NOCTURIA,7
TONGUE OEDEMA,7
PROCTALGIA,7
ATAXIA,7
BALANCE DISORDER,7
PAIN IN JAW,7
SKIN FISSURES,7
NAIL DISORDER,7
BILIARY DILATATION,7
EMPYEMA,7
MOOD ALTERED,7
BLOOD PRESSURE ABNORMAL,7
DECUBITUS ULCER,7
GASTRIC CANCER STAGE IV,7
FOETAL GROWTH RESTRICTION,7
POLYMYOSITIS,7
METASTATIC NEOPLASM,7
HEPATIC CANCER,7
THROMBOTIC THROMBOCYTOPENIC PURPURA,7
PROTHROMBIN TIME PROLONGED,7
INGUINAL HERNIA,7
WRONG TECHNIQUE IN PRODUCT USAGE PROCESS,7
ANGIOEDEMA,7
UROSEPSIS,7
HEPATOCELLULAR INJURY,7
OBSTRUCTIVE AIRWAYS DISORDER,7
PAPILLOEDEMA,7
PARONYCHIA,7
VITAMIN K DEFICIENCY,7
NEURALGIA,7
TERMINAL STATE,7
ADRENOCORTICAL INSUFFICIENCY ACUTE,7
NEPHRITIS,7
OESOPHAGEAL CANDIDIASIS,7
ACIDOSIS,7
INFECTIOUS PLEURAL EFFUSION,7
MEDIASTINITIS,7
ANASTOMOTIC ULCER,7
ATRIOVENTRICULAR BLOCK,7
FAECES SOFT,7
MYOCARDIAL NECROSIS MARKER INCREASED,7
ELECTROCARDIOGRAM T WAVE INVERSION,7
INCONTINENCE,7
BLOOD THYROID STIMULATING HORMONE DECREASED,7
IMMUNE-MEDIATED MYASTHENIA GRAVIS,7
IMMUNE-MEDIATED DERMATITIS,7
FAILURE TO THRIVE,7
CORTISOL DECREASED,7
KL-6 INCREASED,7
DEVICE LEAKAGE,7
COVID-19 PNEUMONIA,7
LUNG CONSOLIDATION,7
FEBRILE BONE MARROW APLASIA,7
JOINT EFFUSION,7
TENDON RUPTURE,7
RENAL VEIN THROMBOSIS,7
VENA CAVA THROMBOSIS,6
TORSADE DE POINTES,6
TOXIC ENCEPHALOPATHY,6
LOCALISED OEDEMA,6
MONOCYTE COUNT INCREASED,6
NEEDLE ISSUE,6
NORMOCHROMIC NORMOCYTIC ANAEMIA,6
MYOPATHY,6
UNRESPONSIVE TO STIMULI,6
STRIDOR,6
RENAL CYST,6
HAEMOGLOBIN ABNORMAL,6
NODULE,6
BLOOD URINE PRESENT,6
EYE PAIN,6
TENDERNESS,6
DIVERTICULAR PERFORATION,6
PAIN OF SKIN,6
SUTURE RUPTURE,6
SKIN LESION,6
ENTEROCOLITIS HAEMORRHAGIC,6
RECTAL STENOSIS,6
PROTEIN URINE PRESENT,6
MENTAL DISORDER,6
ANAL HAEMORRHAGE,6
PULMONARY CONGESTION,6
INTESTINAL ULCER,6
PHARYNGEAL OEDEMA,6
INTENTIONAL PRODUCT MISUSE,6
SUBCLAVIAN VEIN THROMBOSIS,6
HEPATITIS ACUTE,6
RETINAL DETACHMENT,6
ELECTROCARDIOGRAM ST SEGMENT DEPRESSION,6
CLOSTRIDIUM DIFFICILE INFECTION,6
CENTRAL VENOUS CATHETERISATION,6
AGITATION,6
VAGINAL HAEMORRHAGE,6
ABDOMINAL TENDERNESS,6
LIMB DISCOMFORT,6
LARGE INTESTINAL HAEMORRHAGE,6
ADENOCARCINOMA,6
HYPERCALCAEMIA OF MALIGNANCY,6
MALIGNANT PLEURAL EFFUSION,6
FACIAL PARALYSIS,6
LARGE INTESTINAL STENOSIS,6
PRODUCT STORAGE ERROR,6
HAIR COLOUR CHANGES,6
PELVIC PAIN,6
COMPRESSION FRACTURE,6
VASCULAR PSEUDOANEURYSM,6
CYTOMEGALOVIRUS OESOPHAGITIS,6
PRODUCT QUALITY ISSUE,6
GENERALISED TONIC-CLONIC SEIZURE,6
INTRACRANIAL PRESSURE INCREASED,6
ADMINISTRATION SITE EXTRAVASATION,6
MIGRAINE,6
SENSORY DISTURBANCE,6
OESOPHAGEAL VARICES HAEMORRHAGE,6
CORONARY ARTERY DISEASE,6
LICHEN PLANUS,6
OSTEOPOROSIS,6
RESPIRATORY DEPRESSION,6
COMPLICATION ASSOCIATED WITH DEVICE,6
DERMATITIS PSORIASIFORM,6
MECHANICAL ILEUS,6
NUTRITIONAL CONDITION ABNORMAL,6
APLASIA PURE RED CELL,6
OESOPHAGEAL CARCINOMA,6
LIP SWELLING,6
BRONCHIOLITIS,6
OESOPHAGEAL PAIN,6
FOURNIER'S GANGRENE,6
HAEMORRHAGIC DIATHESIS,6
HAEMORRHAGE SUBCUTANEOUS,6
MONOPLEGIA,6
DRUG-DEVICE INCOMPATIBILITY,6
PRODUCT ADMINISTRATION ERROR,6
IMMUNE-MEDIATED ENCEPHALITIS,6
RALES,6
BODY TEMPERATURE INCREASED,6
INFLAMMATORY BOWEL DISEASE,6
ACUTE HEPATIC FAILURE,6
EFFUSION,6
MUSCULOSKELETAL CHEST PAIN,6
ORAL MUCOSAL BLISTERING,6
KIDNEY INFECTION,6
LYMPHOCYTE STIMULATION TEST POSITIVE,6
SKIN EROSION,6
DIHYDROPYRIMIDINE DEHYDROGENASE DEFICIENCY,6
GASTROINTESTINAL MOTILITY DISORDER,6
DIVERTICULUM INTESTINAL HAEMORRHAGIC,6
HYPOGLYCAEMIC COMA,6
COLITIS ULCERATIVE,6
GASTRIC VARICES,6
IMMUNE-MEDIATED CYSTITIS,6
GLUCOSE TOLERANCE IMPAIRED,6
CUTANEOUS VASCULITIS,6
COLITIS MICROSCOPIC,6
PULSE ABSENT,6
BLOOD CULTURE POSITIVE,6
HERPES SIMPLEX,6
BLOOD ELECTROLYTES ABNORMAL,6
HEPATITIS C,5
EMPHYSEMATOUS CHOLECYSTITIS,5
LONG QT SYNDROME,5
THERMAL BURN,5
LACUNAR INFARCTION,5
VISUAL FIELD DEFECT,5
VIRAL UPPER RESPIRATORY TRACT INFECTION,5
EMBOLISM ARTERIAL,5
EXTRASYSTOLES,5
BRAIN OEDEMA,5
PLEURISY,5
PERIPHERAL ARTERIAL OCCLUSIVE DISEASE,5
WERNICKE'S ENCEPHALOPATHY,5
STRESS,5
THROMBOPHLEBITIS,5
ATRIOVENTRICULAR BLOCK COMPLETE,5
SCIATICA,5
CORONARY ARTERY STENOSIS,5
RASH MACULAR,5
NASAL DRYNESS,5
URETERIC OBSTRUCTION,5
ANEURYSM,5
BODY HEIGHT DECREASED,5
PERIPHERAL EMBOLISM,5
RIB FRACTURE,5
PROSTATE CANCER,5
BRONCHOPULMONARY ASPERGILLOSIS,5
CEREBRAL ARTERY EMBOLISM,5
RENAL SALT-WASTING SYNDROME,5
PULMONARY MASS,5
BONE MARROW DISORDER,5
METASTASES TO BONE MARROW,5
CLOSTRIDIAL INFECTION,5
POSTOPERATIVE WOUND INFECTION,5
MASS,5
MUSCLE ATROPHY,5
DERMATITIS ALLERGIC,5
SINUSITIS,5
MICROANGIOPATHIC HAEMOLYTIC ANAEMIA,5
BLOOD BILIRUBIN ABNORMAL,5
PSORIASIS,5
DRUG INEFFECTIVE FOR UNAPPROVED INDICATION,5
PREMATURE DELIVERY,5
TUMOUR RUPTURE,5
METASTASES TO STOMACH,5
HAEMORRHOIDAL HAEMORRHAGE,5
HEMIPLEGIA,5
INFLUENZA LIKE ILLNESS,5
GASTRIC DILATATION,5
PULMONARY INFARCTION,5
TRICUSPID VALVE INCOMPETENCE,5
SALIVARY HYPERSECRETION,5
MENTAL IMPAIRMENT,5
PSEUDOCIRRHOSIS,5
RESPIRATORY TRACT INFECTION,5
RASH PUSTULAR,5
PEPTIC ULCER,5
WITHDRAWAL SYNDROME,5
MESENTERIC ARTERY THROMBOSIS,5
THYROID FUNCTION TEST ABNORMAL,5
ANGIOPATHY,5
SERONEGATIVE ARTHRITIS,5
PROCTITIS,5
INJECTION SITE DISCOMFORT,5
AMOEBIC COLITIS,5
PORTAL VENOUS GAS,5
DISTURBANCE IN ATTENTION,5
ONCOLOGIC COMPLICATION,5
CHEMICAL PERITONITIS,5
STAPHYLOCOCCAL SEPSIS,5
AUTOIMMUNE HAEMOLYTIC ANAEMIA,5
ASPARTATE AMINOTRANSFERASE ABNORMAL,5
SPINAL COMPRESSION FRACTURE,5
PRODUCT SELECTION ERROR,5
INTERVERTEBRAL DISC PROTRUSION,5
APPENDICITIS PERFORATED,5
REGURGITATION,5
OSTEOARTHRITIS,5
FLANK PAIN,5
IMMUNE-MEDIATED ADVERSE REACTION,5
NOCTURNAL DYSPNOEA,5
RADIATION PNEUMONITIS,5
NEUTROPHIL COUNT ABNORMAL,5
RENAL TUBULAR NECROSIS,5
ABNORMAL SENSATION IN EYE,5
INTESTINAL HAEMORRHAGE,5
FAECALOMA,5
APLASTIC ANAEMIA,5
DUODENAL ULCER,5
COLON CANCER,5
VITAMIN B1 DEFICIENCY,5
MACULAR OEDEMA,5
METABOLIC DISORDER,5
NEPHROPATHY,5
ROAD TRAFFIC ACCIDENT,5
BILIRUBIN CONJUGATED INCREASED,5
EMOTIONAL DISTRESS,5
POSTRENAL FAILURE,5
SKULL FRACTURE,5
HERNIA,5
BRAIN ABSCESS,5
JOINT CONTRACTURE,5
ANGINA UNSTABLE,5
KLEBSIELLA INFECTION,5
ARTHROPATHY,5
MALIGNANT MESENTERIC NEOPLASM,5
BLOOD THYROID STIMULATING HORMONE INCREASED,5
THYROXINE FREE DECREASED,5
PALMAR ERYTHEMA,5
PYOMYOSITIS,5
VASCULAR PAIN,5
OBSTRUCTION,5
HYPERGLYCAEMIC HYPEROSMOLAR NONKETOTIC SYNDROME,5
ABDOMINAL ADHESIONS,5
GASTRIC OPERATION,5
DYSPHORIA,5
GOUT,5
STREPTOCOCCAL INFECTION,5
CATHETER SITE ERYTHEMA,5
ELECTROCARDIOGRAM ST SEGMENT ELEVATION,5
CHEST X-RAY ABNORMAL,5
EYE DISORDER,5
MEDICAL DEVICE SITE INFECTION,5
PRIMARY HYPOTHYROIDISM,5
ANTI-NEUTROPHIL CYTOPLASMIC ANTIBODY POSITIVE VASCULITIS,5
ARTERIOSCLEROSIS,5
PSEUDOMONAS INFECTION,5
YELLOW SKIN,5
CLOSTRIDIUM TEST POSITIVE,4
PARANEOPLASTIC SYNDROME,4
FAECES PALE,4
PERIORBITAL OEDEMA,4
METASTASES TO OVARY,4
PURPURA,4
BLOOD BICARBONATE DECREASED,4
GINGIVAL SWELLING,4
HEART RATE IRREGULAR,4
PROTEIN URINE,4
EYELID OEDEMA,4
ATRIAL FLUTTER,4
DIPLEGIA,4
MITRAL VALVE INCOMPETENCE,4
VENTRICULAR HYPOKINESIA,4
PERSONALITY CHANGE,4
GASTROOESOPHAGEAL CANCER,4
STREPTOCOCCUS TEST POSITIVE,4
DEVICE DISLOCATION,4
ACTIVATED PARTIAL THROMBOPLASTIN TIME PROLONGED,4
HYPERCREATININAEMIA,4
OESOPHAGEAL ULCER,4
PRERENAL FAILURE,4
DROWNING,4
DRUG LEVEL INCREASED,4
COMA HEPATIC,4
OCULAR ICTERUS,4
INCREASED TENDENCY TO BRUISE,4
THROMBOSIS IN DEVICE,4
RETINAL HAEMORRHAGE,4
ACUTE INTERSTITIAL PNEUMONITIS,4
KOUNIS SYNDROME,4
LUNG NEOPLASM,4
BREAST CANCER METASTATIC,4
BACILLUS INFECTION,4
AORTIC ANEURYSM RUPTURE,4
RIGHT VENTRICULAR FAILURE,4
LICHENOID KERATOSIS,4
URINARY TRACT OBSTRUCTION,4
PANCREATIC CARCINOMA,4
JEJUNAL PERFORATION,4
LABELLED DRUG-DRUG INTERACTION MEDICATION ERROR,4
GASTRIC MUCOSAL LESION,4
SUPRAVENTRICULAR EXTRASYSTOLES,4
ANEURYSM RUPTURED,4
HEPATIC MASS,4
INCISIONAL HERNIA,4
BLOOD PRESSURE DIASTOLIC DECREASED,4
GASTROINTESTINAL SOUNDS ABNORMAL,4
ABDOMINAL MASS,4
GASTROINTESTINAL INFECTION,4
GASTRIC ULCER PERFORATION,4
RESTLESS LEGS SYNDROME,4
FIBRIN D DIMER INCREASED,4
RENAL INFARCT,4
SUPERIOR SAGITTAL SINUS THROMBOSIS,4
SENSATION OF FOREIGN BODY,4
HYPERTENSIVE CRISIS,4
NEGATIVE THOUGHTS,4
ENDOCARDITIS,4
BENIGN PROSTATIC HYPERPLASIA,4
ANASTOMOTIC HAEMORRHAGE,4
POLYURIA,4
PORTAL SHUNT,4
PULMONARY THROMBOSIS,4
SCAR,4
HEREDITARY MOTOR AND SENSORY NEUROPATHY,4
PELVIC VENOUS THROMBOSIS,4
METASTASES TO ADRENALS,4
GASTROINTESTINAL STENOSIS,4
HEPATIC ENZYME ABNORMAL,4
METASTASES TO SKIN,4
GASTROINTESTINAL TUBE INSERTION,4
TRANSFUSION,4
PRODUCT PREPARATION ERROR,4
MUSCLE TWITCHING,4
ABDOMINAL RIGIDITY,4
BRAIN STEM HAEMORRHAGE,4
HAIR GROWTH ABNORMAL,4
ABDOMINAL HERNIA,4
INCORRECT ROUTE OF PRODUCT ADMINISTRATION,4
ENDOCRINE DISORDER,4
ENTEROCUTANEOUS FISTULA,4
PELVIC FLUID COLLECTION,4
ENCEPHALITIS AUTOIMMUNE,4
CUTANEOUS SYMPTOM,4
VITAMIN B12 DECREASED,4
PERIRECTAL ABSCESS,4
ATRIAL TACHYCARDIA,4
NAIL DISCOLOURATION,4
GUILLAIN-BARRE SYNDROME,4
LEUKODERMA,4
ACCIDENT,4
OROPHARYNGEAL DISCOMFORT,4
CARDIOPULMONARY FAILURE,4
CEREBRAL HAEMORRHAGE NEONATAL,4
LOWER GASTROINTESTINAL HAEMORRHAGE,4
LARGE INTESTINAL OBSTRUCTION,4
GASTROENTERITIS NOROVIRUS,4
PANCREATIC FISTULA,4
BREAST MASS,4
ACUTE AORTIC SYNDROME,4
ARTERIAL INTRAMURAL HAEMATOMA,4
DEVICE ADHESION ISSUE,4
PROTEIN-LOSING GASTROENTEROPATHY,4
CEREBRAL PALSY,4
HEMIANOPIA,4
SMALL FOR DATES BABY,4
NECROTISING FASCIITIS,4
DIFFUSE LARGE B-CELL LYMPHOMA,4
COLOSTOMY,4
ELECTROCARDIOGRAM REPOLARISATION ABNORMALITY,4
ALANINE AMINOTRANSFERASE ABNORMAL,4
CYST,4
LYMPHADENOPATHY MEDIASTINAL,4
EYE SYMPTOM,4
PUSTULE,4
ABNORMAL FAECES,4
ORAL MUCOSA EROSION,4
RENAL TUBULAR DISORDER,4
IRRITABILITY,4
PARAPLEGIA,4
CRITICAL ILLNESS,4
ANAL INCONTINENCE,4
SNEEZING,4
SERUM FERRITIN INCREASED,4
ACUTE PULMONARY OEDEMA,4
HERPES VIRUS INFECTION,4
BLOOD CHLORIDE INCREASED,4
HEPATORENAL SYNDROME,4
PSORIATIC ARTHROPATHY,4
NIGHT SWEATS,4
NEUTROPENIC INFECTION,4
MARASMUS,4
EYE DISCHARGE,4
CLONAL HAEMATOPOIESIS,4
GENE MUTATION,4
DEVICE MALFUNCTION,4
TYPE I HYPERSENSITIVITY,4
LUNG OPACITY,4
PRODUCT PRESCRIBING ISSUE,4
BRAIN HERNIATION,4
CEREBRAL ATROPHY,4
DUODENITIS,4
TRI-IODOTHYRONINE FREE DECREASED,4
PNEUMONIA STREPTOCOCCAL,4
MALIGNANT PERITONEAL NEOPLASM,4
BLOOD PRESSURE IMMEASURABLE,4
PULSE PRESSURE DECREASED,4
REFUSAL OF TREATMENT BY PATIENT,4
METABOLIC ALKALOSIS,4
PERITONITIS BACTERIAL,4
HAIR TEXTURE ABNORMAL,3
NASAL CONGESTION,3
SUNBURN,3
DEMENTIA ALZHEIMER'S TYPE,3
DRUG ABUSE,3
MUCOSAL ULCERATION,3
BONE DISORDER,3
HAEMOLYSIS,3
TOOTH DISORDER,3
BLOOD PHOSPHORUS DECREASED,3
NEUROLOGICAL SYMPTOM,3
BLOOD TRIGLYCERIDES INCREASED,3
APNOEA,3
MESENTERIC VEIN THROMBOSIS,3
PANIC ATTACK,3
PETECHIAE,3
DISEASE COMPLICATION,3
GASTROINTESTINAL MUCOSAL DISORDER,3
INDURATION,3
INTERNAL HAEMORRHAGE,3
HEAD DISCOMFORT,3
BLINDNESS TRANSIENT,3
TRICHOMEGALY,3
GINGIVAL PAIN,3
EMBOLIC STROKE,3
HYPERTRIGLYCERIDAEMIA,3
PROCEDURAL COMPLICATION,3
OESOPHAGOBRONCHIAL FISTULA,3
PNEUMOMEDIASTINUM,3
HEAD INJURY,3
FAILURE TO ANASTOMOSE,3
HEPATOMEGALY,3
WHITE BLOOD CELL COUNT,3
NEUTROPHIL COUNT,3
VENTRICULAR DYSFUNCTION,3
ACCIDENTAL OVERDOSE,3
BRAIN NEOPLASM,3
DIAPHRAGMATIC HERNIA,3
ENTEROCOCCAL INFECTION,3
GLOMERULONEPHRITIS,3
SCAB,3
SKIN ATROPHY,3
PATHOLOGICAL FRACTURE,3
PNEUMONIA CYTOMEGALOVIRAL,3
SKIN HAEMORRHAGE,3
ELECTROENCEPHALOGRAM ABNORMAL,3
VASCULAR INJURY,3
SECRETION DISCHARGE,3
RASH PAPULAR,3
TUMOUR PAIN,3
DEFAECATION URGENCY,3
PERITONEAL DISORDER,3
PRODUCT SUBSTITUTION ISSUE,3
THERAPEUTIC RESPONSE UNEXPECTED,3
BLOOD PRESSURE FLUCTUATION,3
MALIGNANT MELANOMA,3
LARGE INTESTINAL ULCER,3
INTESTINAL FISTULA,3
TUMOUR INVASION,3
PROTHROMBIN TIME RATIO INCREASED,3
METASTASES TO KIDNEY,3
ANAL FISTULA,3
INJECTION SITE HAEMORRHAGE,3
TUMOUR COMPRESSION,3
PULMONARY ARTERIAL HYPERTENSION,3
VENTRICULAR HYPERTROPHY,3
DUMPING SYNDROME,3
PLATELET COUNT ABNORMAL,3
ATYPICAL PNEUMONIA,3
BLOOD CHROMOGRANIN A INCREASED,3
OSTEONECROSIS,3
HEART RATE ABNORMAL,3
TOOTHACHE,3
KLEBSIELLA SEPSIS,3
CARDIAC FAILURE CHRONIC,3
PHLEBITIS,3
CAPILLARY LEAK SYNDROME,3
THERAPY CHANGE,3
AORTO-OESOPHAGEAL FISTULA,3
BONE CANCER,3
ERUCTATION,3
BLOOD LOSS ANAEMIA,3
LIP PAIN,3
VASCULAR PSEUDOANEURYSM RUPTURED,3
MYELOPATHY,3
SPINAL FRACTURE,3
DYSLALIA,3
DIABETES MELLITUS INADEQUATE CONTROL,3
LIMB INJURY,3
HEPATIC INFECTION,3
SYSTEMIC INFLAMMATORY RESPONSE SYNDROME,3
CARDIAC OPERATION,3
HYPOREFLEXIA,3
RENAL HAEMORRHAGE,3
PARKINSONISM,3
HAEMANGIOMA,3
DECREASED IMMUNE RESPONSIVENESS,3
VENTRICULAR ARRHYTHMIA,3
PARESIS,3
CARDIAC VENTRICULAR THROMBOSIS,3
SHOCK SYMPTOM,3
BLINDNESS UNILATERAL,3
OPTIC NERVE DISORDER,3
JOINT STIFFNESS,3
IMMUNE-MEDIATED HYPOPHYSITIS,3
CORONARY ARTERY OCCLUSION,3
GLOSSITIS,3
SPINAL CORD COMPRESSION,3
HYPERAMYLASAEMIA,3
PARANEOPLASTIC DERMATOMYOSITIS,3
INFECTIVE SPONDYLITIS,3
FOCAL NODULAR HYPERPLASIA,3
FIBRIN DEGRADATION PRODUCTS INCREASED,3
PHARYNGEAL PARAESTHESIA,3
RHINALGIA,3
POLYP,3
HAND-FOOT-AND-MOUTH DISEASE,3
BLOOD CREATININE ABNORMAL,3
HYPONATRAEMIC SYNDROME,3
KERATOACANTHOMA,3
PERICARDITIS MALIGNANT,3
OESOPHAGEAL ACHALASIA,3
INTENTIONAL UNDERDOSE,3
PNEUMONIA PNEUMOCOCCAL,3
CHYLOTHORAX,3
URINARY BLADDER HAEMORRHAGE,3
NICOTINIC ACID DEFICIENCY,3
MUCOSAL NECROSIS,3
PHOTOSENSITIVITY REACTION,3
FUNGAEMIA,3
BRAIN NATRIURETIC PEPTIDE INCREASED,3
ABSCESS LIMB,3
PHARYNGEAL INFLAMMATION,3
EMOTIONAL DISORDER,3
VENOUS OCCLUSION,3
DUODENAL OBSTRUCTION,3
LYMPHOCYTIC HYPOPHYSITIS,3
MYOCLONUS,3
ARTERIAL HAEMORRHAGE,3
IMMUNOSUPPRESSION,3
SPINAL OSTEOARTHRITIS,3
METASTASES TO PANCREAS,3
HEMIPARESIS,3
HAEMORRHAGIC DISORDER,3
LYMPHADENITIS,3
ANTIPHOSPHOLIPID SYNDROME,3
INTRA-ABDOMINAL HAEMORRHAGE,3
PAROTITIS,3
VENTRICULAR EXTRASYSTOLES,3
CELL MARKER INCREASED,3
ASPERGILLUS INFECTION,3
UPPER LIMB FRACTURE,3
EPIGASTRIC DISCOMFORT,3
TOOTH ABSCESS,3
BRAIN CONTUSION,3
FEBRILE INFECTION,3
GASTROINTESTINAL ISCHAEMIA,3
RHEUMATIC DISORDER,3
SYSTEMIC INFECTION,3
ANASTOMOTIC ULCER HAEMORRHAGE,3
MUCOCUTANEOUS DISORDER,3
GASTROINTESTINAL STOMA COMPLICATION,3
RETINAL VEIN OCCLUSION,3
CARBOHYDRATE ANTIGEN 72-4 INCREASED,3
DEVICE USE ERROR,3
PLATELET DISORDER,3
SUPERINFECTION,3
IMPAIRED WORK ABILITY,3
WHITE BLOOD CELL DISORDER,3
METASTASES TO SPINE,3
OPTIC NEURITIS,3
EYE PRURITUS,3
OVARIAN CYST,3
LYMPHORRHOEA,3
LARYNGEAL DISCOMFORT,3
PULMONARY SEPSIS,3
IMMUNE-MEDIATED ENDOCRINOPATHY,3
COLORECTAL CANCER,3
IMMUNE-MEDIATED ARTHRITIS,3
LIP EROSION,3
INFLAMMATORY MARKER INCREASED,3
SKIN INFECTION,3
EYELID FUNCTION DISORDER,3
RENAL TUBULAR INJURY,3
BLOOD ELECTROLYTES DECREASED,3
OCULAR TOXICITY,3
IMMUNE-MEDIATED THYROIDITIS,3
TUMOUR ASSOCIATED FEVER,3
HEPATIC CANCER RECURRENT,3
PSYCHOMOTOR RETARDATION,3
ACUTE ABDOMEN,3
ANASTOMOTIC FISTULA,3
PANCREATIC CARCINOMA METASTATIC,3
ATRIOVENTRICULAR BLOCK SECOND DEGREE,3
OCULAR DISCOMFORT,3
CAROTID ARTERY STENOSIS,3
BLOOD CHLORIDE DECREASED,3
AUTOIMMUNE DISORDER,3
CYTOMEGALOVIRUS INFECTION,3
HAND FRACTURE,3
BLADDER TAMPONADE,3
INTERNAL HERNIA,3
CYTOMEGALOVIRUS INFECTION REACTIVATION,3
POST PROCEDURAL DIARRHOEA,3
URINE ODOUR ABNORMAL,3
ENTEROBACTER INFECTION,3
ABDOMINAL WALL ABSCESS,3
BUNDLE BRANCH BLOCK RIGHT,3
ALBUMINURIA,3
PYODERMA GANGRENOSUM,3
CHOKING SENSATION,3
DRY AGE-RELATED MACULAR DEGENERATION,3
NEOVASCULAR AGE-RELATED MACULAR DEGENERATION,3
SOLAR LENTIGO,3
MUSCLE RIGIDITY,3
GLOMERULAR FILTRATION RATE DECREASED,3
CHOLANGITIS ACUTE,3
CYTOMEGALOVIRUS HEPATITIS,3
ASPERGILLUS TEST POSITIVE,3
EOSINOPHILIA,3
MOTOR DYSFUNCTION,3
HYPERPARATHYROIDISM,3
HELICOBACTER TEST POSITIVE,3
SARS-COV-2 TEST POSITIVE,3
SYMPTOM RECURRENCE,3
ADENOCARCINOMA METASTATIC,3
GASTRIC FISTULA,3
SINUS OPERATION,3
URINE VISCOSITY ABNORMAL,3
ADRENALITIS,3
EAR PAIN,3
SUBDURAL HAEMORRHAGE,3
PRODUCT PRESCRIBING ERROR,3
ADAMS-STOKES SYNDROME,3
VERTIGO POSITIONAL,3
RADIATION INJURY,3
INTERLEUKIN LEVEL INCREASED,3
NON-CIRRHOTIC PORTAL HYPERTENSION,3
BRAIN DEATH,3
HYPOXIC-ISCHAEMIC ENCEPHALOPATHY,3
SPUTUM DISCOLOURED,3
ARRHYTHMIA SUPRAVENTRICULAR,3
BLOOD CREATINE INCREASED,3
BLOOD URIC ACID INCREASED,3
URINARY HESITATION,3
BRAIN STEM INFARCTION,3
HAEMODIALYSIS,3
PARKINSON'S DISEASE,3
CARBON DIOXIDE DECREASED,3
CHEILITIS,3
HYPOTONIA,3
EROSIVE OESOPHAGITIS,3
CATHETER SITE PAIN,3
CUTANEOUS LUPUS ERYTHEMATOSUS,3
CARDIAC MURMUR,3
FRACTURED SACRUM,3
HYPOCAPNIA,3
MYDRIASIS,3
RADIATION OESOPHAGITIS,3
GASTROINTESTINAL ULCER,3
GANGRENE,3
LEPROSY,3
HYPERVENTILATION,3
ESCHERICHIA TEST POSITIVE,2
CONCUSSION,2
CHOLECYSTECTOMY,2
POTENTIATING DRUG INTERACTION,2
BLOOD HYPOSMOSIS,2
HYPERSTHENURIA,2
MULTI-ORGAN DISORDER,2
HYPERAEMIA,2
SUICIDE ATTEMPT,2
CARBOHYDRATE ANTIGEN 125 INCREASED,2
GINGIVITIS,2
HYPERLIPIDAEMIA,2
RED CELL DISTRIBUTION WIDTH INCREASED,2
VARICELLA,2
BLADDER DISORDER,2
HYPERTENSIVE ENCEPHALOPATHY,2
SUPERIOR VENA CAVA SYNDROME,2
STATUS EPILEPTICUS,2
GASTROENTERITIS VIRAL,2
NEUTROPHIL PERCENTAGE INCREASED,2
THROMBOSIS MESENTERIC VESSEL,2
TONGUE DISCOLOURATION,2
CENTRAL NERVOUS SYSTEM LESION,2
STAPHYLOCOCCUS TEST POSITIVE,2
RIGHT ATRIAL DILATATION,2
CARDIAC VENTRICULAR DISORDER,2
CATHETER SITE RELATED REACTION,2
CATHETER SITE SWELLING,2
ANAL ULCER,2
RENAL COLIC,2
ARTERIOSCLEROSIS CORONARY ARTERY,2
TONGUE ULCERATION,2
POSTOPERATIVE ADHESION,2
PERIODONTITIS,2
BLOOD CHOLESTEROL INCREASED,2
REFRACTORY CANCER,2
SKIN IRRITATION,2
DUODENAL ULCER HAEMORRHAGE,2
PCO2 DECREASED,2
CULTURE POSITIVE,2
HAEMANGIOMA OF SKIN,2
CEREBRAL THROMBOSIS,2
VENOOCCLUSIVE DISEASE,2
GALLBLADDER OBSTRUCTION,2
KERATITIS,2
COAGULATION TEST ABNORMAL,2
SKIN WRINKLING,2
FAECES HARD,2
CYTOMEGALOVIRUS ENTEROCOLITIS,2
LYMPHOEDEMA,2
CEREBROVASCULAR DISORDER,2
EAR DISORDER,2
LIP DISCOLOURATION,2
BLOOD BILIRUBIN UNCONJUGATED INCREASED,2
PHOTOPSIA,2
INADEQUATE DIET,2
TOOTH DISCOLOURATION,2
POST HERPETIC NEURALGIA,2
ORAL MUCOSAL ERYTHEMA,2
SPUTUM RETENTION,2
FOOD AVERSION,2
VOLVULUS,2
MENINGITIS,2
GASTROINTESTINAL FISTULA,2
APHONIA,2
URETERIC STENOSIS,2
HAEMOGLOBINAEMIA,2
BREAST ENLARGEMENT,2
MACULOPATHY,2
FORMICATION,2
PROCALCITONIN INCREASED,2
ILEAL PERFORATION,2
ANGLE CLOSURE GLAUCOMA,2
URINE FLOW DECREASED,2
SMALL INTESTINE ULCER,2
ORAL DISCOMFORT,2
TONGUE DISCOMFORT,2
CHOKING,2
OESOPHAGEAL DISORDER,2
DYSCHEZIA,2
UPPER RESPIRATORY TRACT INFLAMMATION,2
BLADDER CANCER,2
PUTAMEN HAEMORRHAGE,2
DIAPHRAGMATIC DISORDER,2
PELVIC DISCOMFORT,2
ARTERIAL INJURY,2
DEVICE FAILURE,2
KLEBSIELLA BACTERAEMIA,2
POST PROCEDURAL INFECTION,2
HAIR DISORDER,2
IDIOPATHIC PULMONARY FIBROSIS,2
HEAT ILLNESS,2
HEPATIC PAIN,2
HAEMOSTASIS,2
AORTIC DISSECTION,2
RESPIRATORY TRACT HAEMORRHAGE,2
CHRONIC MYELOID LEUKAEMIA,2
TOOTH INFECTION,2
OESOPHAGEAL FISTULA,2
MUSCLE FATIGUE,2
SLUGGISHNESS,2
FOOD CRAVING,2
ACCIDENTAL EXPOSURE TO PRODUCT,2
RASH VESICULAR,2
DIZZINESS POSTURAL,2
QUADRIPLEGIA,2
BLOOD ALKALINE PHOSPHATASE ABNORMAL,2
HYPERMETABOLISM,2
INJECTION SITE EXTRAVASATION,2
POLYDIPSIA,2
PRODUCT ADHESION ISSUE,2
PARALYSIS RECURRENT LARYNGEAL NERVE,2
COMPUTERISED TOMOGRAM THORAX ABNORMAL,2
PNEUMONIA NECROTISING,2
FISTULA OF SMALL INTESTINE,2
DUODENAL STUMP FISTULA,2
TRISMUS,2
MYASTHENIA GRAVIS CRISIS,2
GENITAL HAEMORRHAGE,2
GASTROENTERITIS STAPHYLOCOCCAL,2
ATRIAL THROMBOSIS,2
OESOPHAGITIS HAEMORRHAGIC,2
DUODENAL STENOSIS,2
EVANS SYNDROME,2
AFFERENT LOOP SYNDROME,2
PRIMARY ADRENAL INSUFFICIENCY,2
HAEMOGLOBIN INCREASED,2
RED BLOOD CELL COUNT INCREASED,2
JAUNDICE ACHOLURIC,2
METASTASES TO MUSCLE,2
CHRONIC INFLAMMATORY DEMYELINATING POLYRADICULONEUROPATHY,2
BRONCHITIS BACTERIAL,2
SKIN NECROSIS,2
TUMOUR PSEUDOPROGRESSION,2
HYPERSENSITIVITY PNEUMONITIS,2
MENINGEAL DISORDER,2
PLATELET TOXICITY,2
SINUS NODE DYSFUNCTION,2
UPPER GASTROINTESTINAL PERFORATION,2
ECTHYMA,2
AUTOIMMUNE CHOLANGITIS,2
ABDOMINAL CAVITY DRAINAGE,2
CORTISOL INCREASED,2
SALIVARY DUCT INFLAMMATION,2
HASHIMOTO'S ENCEPHALOPATHY,2
PSYCHOLOGICAL TRAUMA,2
HYDROCEPHALUS,2
THERAPEUTIC PROCEDURE,2
CALCULUS URINARY,2
CENTRAL NERVOUS SYSTEM NECROSIS,2
BILE DUCT CANCER,2
IMMOBILE,2
BURSITIS,2
PAPULE,2
HYPERCHLORHYDRIA,2
NON-CARDIAC CHEST PAIN,2
CONCOMITANT DISEASE AGGRAVATED,2
FUNCTIONAL GASTROINTESTINAL DISORDER,2
HELICOBACTER INFECTION,2
SLEEP APNOEA SYNDROME,2
POOR QUALITY PRODUCT ADMINISTERED,2
SEPTIC PULMONARY EMBOLISM,2
SCROTAL SWELLING,2
PALMOPLANTAR KERATODERMA,2
CATHETER SITE INFECTION,2
BLAST CELLS PRESENT,2
GLOMERULAR VASCULAR DISORDER,2
RETICULOCYTE COUNT INCREASED,2
LATENT AUTOIMMUNE DIABETES IN ADULTS,2
GASTROINTESTINAL WALL THICKENING,2
BLOOD CORTICOTROPHIN ABNORMAL,2
MUTISM,2
SKIN SWELLING,2
POLYARTHRITIS,2
AKATHISIA,2
ISCHAEMIC CARDIOMYOPATHY,2
HEPATOBILIARY DISEASE,2
CATHETER SITE HAEMORRHAGE,2
PANCREATIC NEOPLASM,2
DEVICE PROGRAMMING ERROR,2
WRONG RATE,2
DIALYSIS,2
GLOMERULONEPHRITIS MEMBRANOUS,2
LOWER GASTROINTESTINAL PERFORATION,2
VITAMIN B1 DECREASED,2
LOGORRHOEA,2
PERIPHERAL SENSORIMOTOR NEUROPATHY,2
SKIN LACERATION,2
TRAUMATIC LUNG INJURY,2
LIP OEDEMA,2
ENDOTHELIAL DYSFUNCTION,2
INTUSSUSCEPTION,2
HAEMATOLOGICAL INFECTION,2
TUMOUR ULCERATION,2
ULCERATIVE KERATITIS,2
SKIN BURNING SENSATION,2
CHOLECYSTITIS CHRONIC,2
URETERIC HAEMORRHAGE,2
PRODUCT SUPPLY ISSUE,2
SARCOMA,2
SKIN WOUND,2
NEONATAL RESPIRATORY DISTRESS SYNDROME,2
TUMOUR HYPERPROGRESSION,2
BACK DISORDER,2
AUTOIMMUNE DERMATITIS,2
OROPHARYNGEAL FISTULA,2
HEPATIC CYST,2
SINUS DISORDER,2
ARTERIAL OCCLUSIVE DISEASE,2
GASTROINTESTINAL NEOPLASM,2
MESENTERIC ARTERY EMBOLISM,2
EXPIRED PRODUCT ADMINISTERED,2
CANCER SURGERY,2
NEUROLEPTIC MALIGNANT SYNDROME,2
INTESTINAL METASTASIS,2
TOXIC SHOCK SYNDROME,2
SEROUS RETINAL DETACHMENT,2
OROPHARYNGEAL CANDIDIASIS,2
IMMUNE-MEDIATED NEUROPATHY,2
LHERMITTE'S SIGN,2
PREALBUMIN DECREASED,2
VOLUME BLOOD DECREASED,2
INTERVERTEBRAL DISCITIS,2
SPONDYLITIS,2
SPINAL PAIN,2
LYMPHATIC DISORDER,2
METASTASES TO PLEURA,2
HEPATIC INFARCTION,2
PERIPHERAL NERVE LESION,2
HYPERNATRAEMIA,2
STENT MALFUNCTION,2
POOR QUALITY SLEEP,2
DIABETIC KETOSIS,2
HILAR LYMPHADENOPATHY,2
RETROPERITONEAL LYMPHADENOPATHY,2
SKIN MASS,2
LIGAMENT SPRAIN,2
METASTASES TO GASTROINTESTINAL TRACT,2
SKIN INJURY,2
HEPATORENAL FAILURE,2
MEDIASTINAL DISORDER,2
CANDIDA PNEUMONIA,2
TIBIA FRACTURE,2
CYTOKINE STORM,2
PENILE EROSION,2
INTERVERTEBRAL DISC DEGENERATION,2
PROCEDURAL PAIN,2
TREATMENT DELAYED,2
AUTOIMMUNE HYPOTHYROIDISM,2
MOTION SICKNESS,2
SPINAL EPIDURAL HAEMATOMA,2
PSOAS ABSCESS,2
BLOOD CREATINE PHOSPHOKINASE MB INCREASED,2
HYPERTENSIVE EMERGENCY,2
ASTEATOSIS,2
HIATUS HERNIA,2
BLOOD FIBRINOGEN DECREASED,2
DYSAESTHESIA,2
MYOGLOBIN BLOOD INCREASED,2
RETROPERITONEAL ABSCESS,2
NERVE COMPRESSION,2
RESPIRATORY SYMPTOM,2
SCROTAL INFECTION,2
RESPIRATORY ACIDOSIS,2
EXTRADURAL HAEMATOMA,2
INJECTION SITE MASS,2
ANTI-THYROID ANTIBODY POSITIVE,2
HYPOPNOEA,2
INFUSION SITE ERYTHEMA,2
DACRYOSTENOSIS ACQUIRED,2
ALVEOLITIS,2
CAMPYLOBACTER GASTROENTERITIS,2
INFUSION SITE OEDEMA,2
VITAMIN B12 DEFICIENCY,2
ISCHAEMIC CEREBRAL INFARCTION,2
ABNORMAL LOSS OF WEIGHT,2
HEPATITIS CHOLESTATIC,2
NERVE INJURY,2
MYCOBACTERIUM AVIUM COMPLEX INFECTION,2
GASTRIC ATONY,2
INFUSION RELATED HYPERSENSITIVITY REACTION,2
GLYCOSYLATED HAEMOGLOBIN INCREASED,2
PANCREATIC ENZYMES INCREASED,2
METASTASES TO ABDOMINAL WALL,2
POSTOPERATIVE WOUND COMPLICATION,2
EYE MOVEMENT DISORDER,2
PHARYNGEAL ULCERATION,2
ATYPICAL MYCOBACTERIAL INFECTION,2
NEUROMYOPATHY,2
BILIARY COLIC,2
URINARY BLADDER HAEMATOMA,2
INFUSION SITE REACTION,2
DRY THROAT,2
THORACIC VERTEBRAL FRACTURE,2
EYE CONTUSION,2
AUDITORY DISORDER,2
ANTI-GAD ANTIBODY NEGATIVE,2
PRINZMETAL ANGINA,2
TENDONITIS,2
PARAESTHESIA ORAL,2
INTENTIONAL DOSE OMISSION,2
HEAT STROKE,2
ORAL LICHEN PLANUS,2
TINEA PEDIS,2
DIABETIC COMA,2
SLEEP DISORDER DUE TO A GENERAL MEDICAL CONDITION,2
TRANSAMINASES ABNORMAL,2
EARLY SATIETY,2
SUPERIOR MESENTERIC ARTERY SYNDROME,2
HUNGER,2
WEIGHT ABNORMAL,2
CHRONIC CUTANEOUS LUPUS ERYTHEMATOSUS,2
CHANGE OF BOWEL HABIT,2
CYTOMEGALOVIRUS TEST POSITIVE,2
RHINITIS,2
ANOREXIA NERVOSA,2
PALLIATIVE CARE,2
THROMBOCYTOPENIC PURPURA,2
PULMONARY VENO-OCCLUSIVE DISEASE,2
DYSLIPIDAEMIA,2
CHRONIC EOSINOPHILIC RHINOSINUSITIS,2
PSEUDOMONAS BRONCHITIS,2
RED BLOOD CELL SEDIMENTATION RATE INCREASED,2
GASTROENTERITIS BACILLUS,2
MYOCARDIAL INJURY,2
SUBDURAL ABSCESS,2
ANTIACETYLCHOLINE RECEPTOR ANTIBODY POSITIVE,2
OCCULT BLOOD POSITIVE,2
NEUTROPHIL PERCENTAGE DECREASED,2
LARGE INTESTINE BENIGN NEOPLASM,2
THYROID MASS,2
PRIMARY BILIARY CHOLANGITIS,2
CHOLANGITIS INFECTIVE,2
HEPATIC ARTERY ANEURYSM,2
IMMUNE-MEDIATED PANCREATITIS,2
PARENTERAL NUTRITION,2
SEVERE INVASIVE STREPTOCOCCAL INFECTION,2
POLYMYALGIA RHEUMATICA,2
PAINFUL RESPIRATION,2
HIGH DENSITY LIPOPROTEIN INCREASED,2
PLANTAR ERYTHEMA,2
BREAST CANCER,2
THERAPEUTIC RESPONSE INCREASED,2
DRUG REACTION WITH EOSINOPHILIA AND SYSTEMIC SYMPTOMS,2
CORNEAL EROSION,2
LIP HAEMORRHAGE,2
LIP BLISTER,2
LABYRINTHITIS,2
OESOPHAGEAL ADENOCARCINOMA,2
NONINFECTIVE CONJUNCTIVITIS,2
AUTOIMMUNE EYE DISORDER,2
RADIOTHERAPY,2
DRUG EFFECTIVE FOR UNAPPROVED INDICATION,2
INTESTINAL ANASTOMOSIS COMPLICATION,2
BOWEL MOVEMENT IRREGULARITY,2
NEURODERMATITIS,2
NASAL SEPTUM PERFORATION,2
OPTIC ISCHAEMIC NEUROPATHY,2
CUSHING'S SYNDROME,2
DILATED CARDIOMYOPATHY,2
TRI-IODOTHYRONINE DECREASED,2
THYROXINE DECREASED,2
LIQUID PRODUCT PHYSICAL ISSUE,2
GLOMERULONEPHRITIS RAPIDLY PROGRESSIVE,2
EPIDERMOLYSIS BULLOSA,2
OESOPHAGEAL INJURY,2
FOAMING AT MOUTH,2
SUSPECTED COVID-19,2
ENTEROCOCCAL SEPSIS,2
IMMUNE-MEDIATED SCLERITIS,2
SCAR PAIN,2
GASTRIC ULCER HELICOBACTER,2
PYURIA,2
HYPOGEUSIA,2
SOMATIC SYMPTOM DISORDER,2
GASTROENTERITIS ESCHERICHIA COLI,2
SINUS ARREST,2
HEPATITIS VIRAL,2
BRADYPNOEA,2
URINE ABNORMALITY,2
PREPYLORIC STENOSIS,2
RECTAL ULCER,2
COLONIC FISTULA,2
RESPIRATORY RATE DECREASED,2
BLOOD GASTRIN INCREASED,2
SEDATION,2
LEG AMPUTATION,2
POOR PERIPHERAL CIRCULATION,2
SHOCK HYPOGLYCAEMIC,2
CEREBRAL DISORDER,2
RESPIRATORY MONILIASIS,2
SCAN ABDOMEN ABNORMAL,2
CLOSTRIDIUM COLITIS,2
ACINETOBACTER INFECTION,2
BLOOD GLUCOSE FLUCTUATION,2
CULTURE WOUND POSITIVE,2
RENAL TUBULAR ACIDOSIS,2
AORTIC ARTERIOSCLEROSIS,2
BLOOD LACTIC ACID INCREASED,2
BLOOD PH INCREASED,2
MENINGISM,2
SPUTUM PURULENT,2
CULTURE URINE POSITIVE,2
COORDINATION ABNORMAL,2
BETA HAEMOLYTIC STREPTOCOCCAL INFECTION,2
STOMACH MASS,2
ANAPHYLACTOID SHOCK,2
INTERNATIONAL NORMALISED RATIO ABNORMAL,2
CLONIC CONVULSION,2
HYPERURICAEMIA,2
INCOHERENT,2
DIVERTICULUM INTESTINAL,2
ADENOCARCINOMA OF THE CERVIX,2
ENDOMETRIAL CANCER STAGE I,2
METABOLIC ENCEPHALOPATHY,2
URETERIC DILATATION,2
SOFT TISSUE NECROSIS,2
BILIARY TRACT INFECTION BACTERIAL,2
HAEMOPHILUS INFECTION,2
SPLENIC INFARCTION,2
NODAL ARRHYTHMIA,2
CENTRAL VENOUS CATHETER REMOVAL,2
ENTEROCOLITIS INFECTIOUS,2
PROSTATITIS ESCHERICHIA COLI,2
GASTRITIS EROSIVE,2
EYE OEDEMA,2
BACTERIAL TEST POSITIVE,2
RESPIRATORY ALKALOSIS,2
ILEOSTOMY,2
WOUND TREATMENT,2
HEPATITIS B DNA INCREASED,2
STREPTOCOCCAL SEPSIS,2
EXERCISE TOLERANCE DECREASED,2
OTOTOXICITY,2
ALKALOSIS,2
URINARY TRACT DISORDER,2
ELECTROCARDIOGRAM T WAVE PEAKED,2
DIVERTICULUM,2
THYROID CANCER,2
MICTURITION DISORDER,2
BRONCHIECTASIS,2
CHRONIC GRANULOMATOUS DISEASE,2
HYPERAESTHESIA,2
PERONEAL NERVE PALSY,2
FUNGAL SKIN INFECTION,2
ABSCESS ORAL,2
EOSINOPHIL COUNT DECREASED,2
MONOCYTE COUNT DECREASED,2
HEART SOUNDS ABNORMAL,2
HYPERKINESIA,2
TONGUE DISORDER,2
EXTREMITY NECROSIS,2
ELECTROCARDIOGRAM CHANGE,2
ANKLE FRACTURE,2
MUSCLE CONTRACTIONS INVOLUNTARY,2
OESOPHAGEAL ULCER HAEMORRHAGE,2
BLADDER NEOPLASM,1
KLEBSIELLA TEST POSITIVE,1
BARRETT'S OESOPHAGUS,1
OEDEMA MUCOSAL,1
TUNNEL VISION,1
BREAST OEDEMA,1
BREAST NEOPLASM,1
RETICULOCYTE COUNT DECREASED,1
BLOOD CALCIUM INCREASED,1
CARBOHYDRATE ANTIGEN 15-3 INCREASED,1
GINGIVAL OPERATION,1
MEAN CELL HAEMOGLOBIN CONCENTRATION DECREASED,1
MEAN CELL VOLUME INCREASED,1
POOR VENOUS ACCESS,1
TOOTH EXTRACTION,1
TOOTH FRACTURE,1
GRIP STRENGTH DECREASED,1
GASTROINTESTINAL HYPERMOTILITY,1
COLON NEOPLASM,1
LARGE INTESTINAL POLYPECTOMY,1
SUBDURAL HYGROMA,1
SKIN DEPIGMENTATION,1
ELECTROMYOGRAM ABNORMAL,1
OESOPHAGEAL RUPTURE,1
STRANGURY,1
RECTAL OBSTRUCTION,1
"EAR, NOSE AND THROAT EXAMINATION ABNORMAL",1
ENDOTRACHEAL INTUBATION,1
INTENSIVE CARE,1
NUCHAL RIGIDITY,1
OPISTHOTONUS,1
HYPOCOAGULABLE STATE,1
JOINT LOCK,1
INVESTIGATION,1
LARYNGITIS,1
MUSCLE ABSCESS,1
ANAL PRURITUS,1
ROMBERG TEST POSITIVE,1
INFECTIVE AORTITIS,1
GOITRE,1
LEFT ATRIAL DILATATION,1
PULMONARY GRANULOMA,1
SCOLIOSIS,1
PARATHYROID DISORDER,1
BRAIN INJURY,1
TRACHEOMALACIA,1
SYSTEMIC CANDIDA,1
PULMONARY ENDARTERECTOMY,1
ABDOMINAL WALL DISORDER,1
MELANOSIS,1
HYPOCHROMASIA,1
OCULAR VASCULAR DISORDER,1
VASOSPASM,1
EAR CONGESTION,1
SPLENIC ABSCESS,1
ENTEROCOCCUS TEST POSITIVE,1
PNEUMONIA INFLUENZAL,1
IMPAIRED DRIVING ABILITY,1
BONE EROSION,1
REFLEXES ABNORMAL,1
PAROSMIA,1
INVESTIGATION ABNORMAL,1
BONE LOSS,1
CYSTITIS NONINFECTIVE,1
SUTURE RELATED COMPLICATION,1
PO2 DECREASED,1
B-CELL LYMPHOMA,1
STOMA SITE REACTION,1
PHARYNGEAL HYPOAESTHESIA,1
LARYNGEAL DYSPNOEA,1
PROTHROMBIN TIME RATIO ABNORMAL,1
COMMUNICATION DISORDER,1
ULCER HAEMORRHAGE,1
HEPATIC HAEMORRHAGE,1
CHROMOSOME ANALYSIS ABNORMAL,1
MYELOBLAST COUNT INCREASED,1
PROMYELOCYTE COUNT INCREASED,1
BLAST CRISIS IN MYELOGENOUS LEUKAEMIA,1
BONE MARROW TRANSPLANT,1
HAEMOCHROMATOSIS,1
SECONDARY IMMUNODEFICIENCY,1
STEM CELL TRANSPLANT,1
TRANSPLANT,1
CHOLESTATIC LIVER INJURY,1
LARYNGEAL PAIN,1
LEUKAEMIA,1
PROSTATOMEGALY,1
PICA,1
SKIN TEST POSITIVE,1
OROPHARYNGEAL SPASM,1
OTORRHOEA,1
DOUGLAS' ABSCESS,1
STARING,1
PANIC REACTION,1
C-KIT GENE MUTATION,1
ATYPICAL MYCOBACTERIAL PNEUMONIA,1
TOOTH DEPOSIT,1
GROIN PAIN,1
ECCRINE SQUAMOUS SYRINGOMETAPLASIA,1
FOREIGN BODY,1
SKIN SENSITISATION,1
VASCULAR MALFORMATION,1
POST PROCEDURAL BILE LEAK,1
FOCAL SEGMENTAL GLOMERULOSCLEROSIS,1
FACIAL SPASM,1
ISCHAEMIC HEPATITIS,1
EPIDURAL HAEMORRHAGE,1
T-LYMPHOCYTE COUNT DECREASED,1
ACUTE HEPATITIS B,1
ARTERIOENTERIC FISTULA,1
RHINITIS ALLERGIC,1
VOCAL CORD POLYP,1
HAEMORRHAGIC CYST,1
HYPERMAGNESAEMIA,1
EMBOLIC CEREBRAL INFARCTION,1
CATHETER SITE PRURITUS,1
LISTLESS,1
POST PROCEDURAL OEDEMA,1
HAEMODYNAMIC TEST ABNORMAL,1
SEBORRHOEIC DERMATITIS,1
CONCOMITANT DISEASE PROGRESSION,1
SPLENIC INFECTION,1
CORNEAL INFILTRATES,1
URINARY TRACT INFECTION BACTERIAL,1
METASTASES TO NERVOUS SYSTEM,1
VITREOUS HAEMORRHAGE,1
NAIL AVULSION,1
WHEELCHAIR USER,1
PAROXYSMAL ARRHYTHMIA,1
ENTEROBACTER TEST POSITIVE,1
EJACULATION FAILURE,1
LOSS OF LIBIDO,1
INFUSION SITE BRUISING,1
MUSCLE HYPERTROPHY,1
CARCINOID SYNDROME,1
MALABSORPTION,1
STEATORRHOEA,1
PALATAL OEDEMA,1
SUBCUTANEOUS ABSCESS,1
TUMOUR FISTULISATION,1
CELLULITIS STREPTOCOCCAL,1
BEHCET'S SYNDROME,1
HEPATOCELLULAR CARCINOMA,1
CORONARY ARTERY BYPASS,1
STENT PLACEMENT,1
VASCULAR STENT STENOSIS,1
LYMPHATIC OBSTRUCTION,1
FACIAL PARESIS,1
PNEUMOTHORAX SPONTANEOUS,1
VAGUS NERVE DISORDER,1
SUSPECTED COUNTERFEIT PRODUCT,1
ILEAL ULCER PERFORATION,1
RENAL MASS,1
PROSTATITIS,1
OESOPHAGEAL SPASM,1
HYPERPHAGIA,1
THROAT CANCER,1
CHRONIC MYOCARDITIS,1
METASTASES TO DIAPHRAGM,1
RETROPERITONEAL HAEMATOMA,1
FEELING DRUNK,1
CAPILLARY NAIL REFILL TEST ABNORMAL,1
RADIAL PULSE DECREASED,1
DRUG USE DISORDER,1
POISONING,1
GASTROINTESTINAL COMPLICATION ASSOCIATED WITH DEVICE,1
LYMPH NODE HAEMORRHAGE,1
PHARYNGEAL DISORDER,1
PROSTATIC SPECIFIC ANTIGEN INCREASED,1
ARTERY DISSECTION,1
MEDICAL DEVICE SITE DISCHARGE,1
SYSTEMIC LUPUS ERYTHEMATOSUS RASH,1
GASTRITIS HAEMORRHAGIC,1
OSTEOLYSIS,1
NONSPECIFIC REACTION,1
INJECTION SITE HAEMATOMA,1
MUSCLE STRAIN,1
HEREDITARY NON-POLYPOSIS COLORECTAL CANCER SYNDROME,1
ENDOMETRIOSIS,1
GALLBLADDER ENLARGEMENT,1
MUCOUS STOOLS,1
HAEMOBILIA,1
NYSTAGMUS,1
HAIR INJURY,1
STENOSIS,1
PURULENT PERICARDITIS,1
LUMBAR RADICULOPATHY,1
EXERCISE LACK OF,1
VESTIBULAR NEURONITIS,1
CIRCUMSTANCE OR INFORMATION CAPABLE OF LEADING TO MEDICATION ERROR,1
HYPOSMIA,1
CONTRAST MEDIA REACTION,1
SKIN INDURATION,1
LARYNGEAL NECROSIS,1
CONTRAST MEDIA ALLERGY,1
MUSCULOSKELETAL DISORDER,1
EAR DISCOMFORT,1
NAIL GROWTH ABNORMAL,1
FAECAL VOMITING,1
OESOPHAGEAL IRRITATION,1
CHRONIC GASTRITIS,1
BLOOD TESTOSTERONE DECREASED,1
THYROID HORMONES DECREASED,1
CORNEAL PERFORATION,1
INTELLECTUAL DISABILITY,1
OTITIS MEDIA ACUTE,1
THINKING ABNORMAL,1
NEUROMUSCULAR TOXICITY,1
FEAR OF FALLING,1
ELDERLY,1
LOOSE TOOTH,1
PANCREAS INFECTION,1
OPHTHALMOPLEGIA,1
ONYCHALGIA,1
THALAMUS HAEMORRHAGE,1
INADEQUATE ANALGESIA,1
INTRACRANIAL ANEURYSM,1
LANGUAGE DISORDER,1
AUTOIMMUNE PANCREATITIS,1
HAEMOTHORAX,1
MUSCLE HAEMORRHAGE,1
ORGAN FAILURE,1
NEURITIS,1
PNEUMATOSIS,1
VASCULAR FRAGILITY,1
LYMPH NODE ABSCESS,1
FOETAL DISTRESS SYNDROME,1
MIXED CONNECTIVE TISSUE DISEASE,1
CARDIAC FUNCTION TEST ABNORMAL,1
CITROBACTER INFECTION,1
INTERNAL INJURY,1
GASTROINTESTINAL CANDIDIASIS,1
TONIC CLONIC MOVEMENTS,1
RADIUS FRACTURE,1
VERTEBRAL LESION,1
SOFT TISSUE NEOPLASM,1
CATARRH,1
INTESTINAL FISTULA REPAIR,1
TRACHEAL INJURY,1
HEPATITIS B REACTIVATION,1
BLEPHAROCHALASIS,1
EYE ULCER,1
NASAL ULCER,1
CARCINOEMBRYONIC ANTIGEN DECREASED,1
PARAINFLUENZAE VIRUS INFECTION,1
MENINGITIS TUBERCULOUS,1
CELLULITIS OF MALE EXTERNAL GENITAL ORGAN,1
BACILLUS BACTERAEMIA,1
SMALL INTESTINAL ULCER HAEMORRHAGE,1
DIABETIC HYPEROSMOLAR COMA,1
VARICOSE VEIN,1
PARACENTESIS,1
GASTROINTESTINAL HYPOMOTILITY,1
SARCOIDOSIS,1
BAND SENSATION,1
PALATAL SWELLING,1
HYPERSENSITIVITY VASCULITIS,1
TUMOUR CAVITATION,1
MUCOSAL TOXICITY,1
RECTAL CANCER,1
ORAL FUNGAL INFECTION,1
HYPERTROPHIC CARDIOMYOPATHY,1
SYNOVIAL RUPTURE,1
RENAL EMBOLISM,1
DISORGANISED SPEECH,1
MYELITIS,1
MENINGITIS STREPTOCOCCAL,1
PERINEAL ULCERATION,1
MADAROSIS,1
PITUITARY-DEPENDENT CUSHING'S SYNDROME,1
NON-SMALL CELL LUNG CANCER,1
ALANINE AMINOTRANSFERASE DECREASED,1
NAIL TOXICITY,1
BENIGN NEOPLASM,1
HUMERUS FRACTURE,1
CORTISOL ABNORMAL,1
COLONY STIMULATING FACTOR THERAPY,1
ORAL SURGERY,1
BONE ABSCESS,1
LIP PRURITUS,1
PHARYNX RADIATION INJURY,1
CALCULUS PROSTATIC,1
INFLUENZA B VIRUS TEST POSITIVE,1
SCEDOSPORIUM INFECTION,1
AUTOIMMUNE ENCEPHALOPATHY,1
ORAL PRURITUS,1
DIABETIC COMPLICATION,1
SEROSITIS,1
SUBSTANCE-INDUCED PSYCHOTIC DISORDER,1
OCCULT BLOOD,1
FINE MOTOR SKILL DYSFUNCTION,1
HEAD TITUBATION,1
LIVER OPERATION,1
PSYCHOMOTOR SKILLS IMPAIRED,1
RADIOEMBOLISATION,1
WEIGHT FLUCTUATION,1
ERYSIPELAS,1
GRAVITATIONAL OEDEMA,1
VENOUS RECANALISATION,1
DYSBIOSIS,1
THROMBOTIC CEREBRAL INFARCTION,1
STAPHYLOCOCCAL BACTERAEMIA,1
ACCESSORY SPLEEN,1
PELVIC INFLAMMATORY DISEASE,1
AORTIC PERFORATION,1
RENAL CYST INFECTION,1
EPIDIDYMITIS,1
EYE EXCISION,1
VITAL FUNCTIONS ABNORMAL,1
DEMYELINATING POLYNEUROPATHY,1
ANXIETY DISORDER,1
PARANASAL SINUS HYPOSECRETION,1
LYMPHOCYTE MORPHOLOGY ABNORMAL,1
NEUTROPHIL TOXIC GRANULATION PRESENT,1
INFECTED SKIN ULCER,1
DRUG DEPENDENCE,1
MONONEUROPATHY MULTIPLEX,1
ABSCESS RUPTURE,1
INTRACRANIAL TUMOUR HAEMORRHAGE,1
CRANIOCEREBRAL INJURY,1
RECTAL POLYP,1
SUBCUTANEOUS EMPHYSEMA,1
DYSPNOEA AT REST,1
TENSION,1
BONE MARROW HAEMORRHAGE,1
SODIUM RETENTION,1
ABULIA,1
PRODUCT USE COMPLAINT,1
OESOPHAGEAL STENT STENOSIS,1
PLEURAL DISORDER,1
THERAPEUTIC PRODUCT EFFECT DECREASED,1
QUADRIPARESIS,1
ELECTROCARDIOGRAM ST-T SEGMENT ABNORMAL,1
SINUS ARRHYTHMIA,1
HERPES SIMPLEX PNEUMONIA,1
CATHETER SITE INDURATION,1
PANCREATIC ATROPHY,1
GASTROINTESTINAL ULCER HAEMORRHAGE,1
GASTROINTESTINAL ULCER PERFORATION,1
LYMPHATIC FISTULA,1
POST INFECTION GLOMERULONEPHRITIS,1
CELL-MEDIATED IMMUNE DEFICIENCY,1
LARYNGEAL CANCER,1
BILIARY-BRONCHIAL FISTULA,1
BILOMA,1
DIAPHRAGMATIC RUPTURE,1
CHEMICAL CYSTITIS,1
GINGIVAL ABSCESS,1
DEFAECATION DISORDER,1
TONGUE MOVEMENT DISTURBANCE,1
BRONCHIAL FISTULA,1
CAROTID ARTERY OCCLUSION,1
APPENDIX CANCER,1
EYE INFLAMMATION,1
MENINGITIS VIRAL,1
AREFLEXIA,1
ATROPHY,1
PERINEPHRIC ABSCESS,1
SENSE OF OPPRESSION,1
STARVATION,1
SITTING DISABILITY,1
UNMASKING OF PREVIOUSLY UNIDENTIFIED DISEASE,1
CROHN'S DISEASE,1
AORTIC VALVE DISEASE,1
VASOCONSTRICTION,1
URETEROLITHIASIS,1
BLADDER SPASM,1
NEONATAL PNEUMONIA,1
TOOTH LOSS,1
RADIATION SICKNESS SYNDROME,1
NONINFECTIVE GINGIVITIS,1
ADDISON'S DISEASE,1
FOETAL HEART RATE DECREASED,1
COMPLEX REGIONAL PAIN SYNDROME,1
BIPOLAR DISORDER,1
UNDERWEIGHT,1
BLADDER HYPERTROPHY,1
CSF PRESSURE INCREASED,1
GIANT CELL ARTERITIS,1
MENINGITIS CRYPTOCOCCAL,1
HYPOZINCAEMIA,1
ENDOCARDITIS NONINFECTIVE,1
IDIOSYNCRATIC DRUG REACTION,1
PROSTATIC CALCIFICATION,1
PULMONARY PNEUMATOCELE,1
HYPERGAMMAGLOBULINAEMIA BENIGN MONOCLONAL,1
NEUROGENIC BLADDER,1
HAEMORRHAGE URINARY TRACT,1
STOMA COMPLICATION,1
STOMA SITE INFLAMMATION,1
INCISION SITE IMPAIRED HEALING,1
DRUG TOLERANCE,1
CHOLECYSTITIS INFECTIVE,1
PANCREATIC CARCINOMA RECURRENT,1
ECTROPION,1
SUPRAPUBIC PAIN,1
DEPRESSIVE SYMPTOM,1
ENCEPHALITIS BRAIN STEM,1
PENILE SWELLING,1
VITREOUS OPACITIES,1
ATRIOVENTRICULAR BLOCK FIRST DEGREE,1
PHARYNGEAL SWELLING,1
RED BLOOD CELL MORPHOLOGY ABNORMAL,1
CYANOSIS NEONATAL,1
CAESAREAN SECTION,1
PROHORMONE BRAIN NATRIURETIC PEPTIDE INCREASED,1
YERSINIA INFECTION,1
LIVER CARCINOMA RUPTURED,1
SKIN WARM,1
NECROTISING PANNICULITIS,1
DIABETES INSIPIDUS,1
RASH PAPULOSQUAMOUS,1
NEUROENDOCRINE CARCINOMA,1
MOUTH BREATHING,1
ABDOMINAL WALL OEDEMA,1
BILOMA INFECTED,1
THIRST DECREASED,1
MUCOSAL INFECTION,1
JEJUNAL STENOSIS,1
PATHOGEN RESISTANCE,1
SMALL INTESTINAL STENOSIS,1
OEDEMATOUS PANCREATITIS,1
HENOCH-SCHONLEIN PURPURA NEPHRITIS,1
PARANASAL SINUS HYPERSECRETION,1
BLOOD ANTIDIURETIC HORMONE INCREASED,1
URINE SODIUM INCREASED,1
METASTASES TO BLADDER,1
PALMOPLANTAR PUSTULOSIS,1
NAIL BED INFLAMMATION,1
"SLEEP DISORDER DUE TO GENERAL MEDICAL CONDITION, INSOMNIA TYPE",1
GRANULOMA,1
ACID BASE BALANCE ABNORMAL,1
AEROMONAS INFECTION,1
BACTERIAL SEPSIS,1
HAEMORRHAGIC PNEUMONIA,1
PNEUMONIA PSEUDOMONAL,1
SHORT-BOWEL SYNDROME,1
PNEUMONIA VIRAL,1
SUFFOCATION FEELING,1
LEUKOSTASIS SYNDROME,1
ACQUIRED GENE MUTATION,1
SKIN PAPILLOMA,1
DEVICE RELATED SEPSIS,1
ANTI-CYCLIC CITRULLINATED PEPTIDE ANTIBODY POSITIVE,1
RENAL TRANSPLANT,1
COLD TYPE HAEMOLYTIC ANAEMIA,1
EPHELIDES,1
BLOOD UREA DECREASED,1
PACHYMENINGITIS,1
DEMYELINATION,1
MOANING,1
SOFT TISSUE INFECTION,1
CEREBRAL MICROHAEMORRHAGE,1
INJECTION SITE GRANULOMA,1
OPHTHALMIC HERPES ZOSTER,1
SOFT TISSUE MASS,1
FIBROSIS,1
DARK CIRCLES UNDER EYES,1
PORTAL VEIN PRESSURE INCREASED,1
REPRODUCTIVE TOXICITY,1
NASOPHARYNGEAL CANCER RECURRENT,1
INTRAVENTRICULAR HAEMORRHAGE,1
DYSTONIA,1
MOUTH SWELLING,1
SYMPTOM MASKED,1
GLOMERULONEPHRITIS MEMBRANOPROLIFERATIVE,1
HEAVY MENSTRUAL BLEEDING,1
GASTRIC ANTRAL VASCULAR ECTASIA,1
TUBERCULOUS PLEURISY,1
IMPAIRED INSULIN SECRETION,1
PELVIC HAEMATOMA,1
SENSITIVE SKIN,1
FOETAL DEATH,1
SPINAL DISORDER,1
OVARIAN DISORDER,1
UTERINE DISORDER,1
ACUTE LYMPHOCYTIC LEUKAEMIA,1
ADMINISTRATION SITE VASCULITIS,1
LUNG CYST,1
PLEURAL ADHESION,1
APPENDIX DISORDER,1
PNEUMOBILIA,1
APATHY,1
WALKING DISABILITY,1
DEVICE MECHANICAL ISSUE,1
GASTROINTESTINAL EROSION,1
TRAUMATIC FRACTURE,1
AFFECTIVE DISORDER,1
PNEUMOCYSTIS JIROVECII INFECTION,1
THYROIDITIS SUBACUTE,1
THYROGLOBULIN INCREASED,1
ARTHROPOD BITE,1
NON-PITTING OEDEMA,1
COSTOCHONDRITIS,1
PHOTOPHOBIA,1
INFUSION SITE ESCHAR,1
PRODUCT CONTAINER ISSUE,1
PRODUCT PREPARATION ISSUE,1
CORONAVIRUS PNEUMONIA,1
SINUS CONGESTION,1
EXPOSURE TO SARS-COV-2,1
INJECTION SITE URTICARIA,1
CHOLECYSTOCHOLANGITIS,1
RENAL CANCER,1
GASTROINTESTINAL FUNGAL INFECTION,1
FLUID REPLACEMENT,1
HEPATIC CYTOLYSIS,1
AXONAL NEUROPATHY,1
EPIDERMOLYSIS,1
WOUND HAEMORRHAGE,1
HEART VALVE INCOMPETENCE,1
SCAPULA FRACTURE,1
WHITE BLOOD CELLS URINE POSITIVE,1
RED BLOOD CELLS URINE POSITIVE,1
STROKE IN EVOLUTION,1
NASAL INFLAMMATION,1
SURFACTANT PROTEIN INCREASED,1
PLEURISY BACTERIAL,1
TUMOUR OBSTRUCTION,1
EXOPHTHALMOS,1
GLUCOCORTICOID DEFICIENCY,1
CARDIAC INDEX INCREASED,1
BLOOD LACTATE DEHYDROGENASE DECREASED,1
BLOOD CHOLINESTERASE DECREASED,1
LOWER LIMB FRACTURE,1
KNEE ARTHROPLASTY,1
VOLVULUS OF SMALL BOWEL,1
HAEMOPERITONEUM,1
BRONCHIAL INJURY,1
ORBITAL MYOSITIS,1
INJECTION SITE ERYTHEMA,1
BLADDER DYSFUNCTION,1
COAGULATION TIME PROLONGED,1
GENITAL ULCERATION,1
CARPAL TUNNEL SYNDROME,1
MIXED LIVER INJURY,1
SOMNAMBULISM,1
PAROPHTHALMIA,1
GASTROINTESTINAL ADENOCARCINOMA,1
MALARIA RELAPSE,1
BREAST CANCER RECURRENT,1
MENTAL FATIGUE,1
IMAGING PROCEDURE ABNORMAL,1
PRURIGO,1
CONJUNCTIVAL HYPERAEMIA,1
CERVIX DISORDER,1
FOCAL PERITONITIS,1
BASE EXCESS DECREASED,1
BILE ACIDS INCREASED,1
PLEUROPERITONEAL COMMUNICATION,1
BLOOD CORTICOTROPHIN INCREASED,1
LIVIDITY,1
UPPER AIRWAY OBSTRUCTION,1
MALARIA,1
IMPAIRED QUALITY OF LIFE,1
LUNG PERFORATION,1
FEMALE REPRODUCTIVE TRACT DISORDER,1
AORTIC DISSECTION RUPTURE,1
ENDOCRINE TOXICITY,1
CLAVICLE FRACTURE,1
DEMENTIA WITH LEWY BODIES,1
HYPERAESTHESIA TEETH,1
DEVICE RELATED BACTERAEMIA,1
CARDIAC FAILURE HIGH OUTPUT,1
ECZEMA ASTEATOTIC,1
ACANTHOMA,1
EASTERN COOPERATIVE ONCOLOGY GROUP PERFORMANCE STATUS ABNORMAL,1
ILEAL STENOSIS,1
VULVAR EROSION,1
ACCIDENTAL EXPOSURE TO PRODUCT PACKAGING,1
SENSORY LOSS,1
FOLLICULITIS,1
PERI-IMPLANTITIS,1
PULMONARY NECROSIS,1
PSYCHIATRIC SYMPTOM,1
PRODUCT DISPENSING ERROR,1
POST PROCEDURAL DISCOMFORT,1
JAW FRACTURE,1
WEIGHT,1
HEPATIC CANCER METASTATIC,1
SPINAL LIGAMENT OSSIFICATION,1
PERICARDITIS INFECTIVE,1
VOGT-KOYANAGI-HARADA DISEASE,1
BASAL CELL CARCINOMA,1
HORMONE LEVEL ABNORMAL,1
NONINFECTIVE ENCEPHALITIS,1
OSTEOSARCOMA METASTATIC,1
TRACHEAL MASS,1
VITAMIN D DECREASED,1
EUTHANASIA,1
MALIGNANT GASTROINTESTINAL OBSTRUCTION,1
FOREARM FRACTURE,1
URETERAL DISORDER,1
URINARY BLADDER RUPTURE,1
DENTAL CARIES,1
ALVEOLAR OSTEITIS,1
PERICORONITIS,1
END STAGE RENAL DISEASE,1
DISSOCIATIVE IDENTITY DISORDER,1
BRAIN FOG,1
INFLAMMATION OF WOUND,1
ANTISYNTHETASE SYNDROME,1
EXTRAPYRAMIDAL DISORDER,1
CARDIAC HYPERTROPHY,1
INFARCTION,1
SKIN FRAGILITY,1
DROOLING,1
PERIPHERAL CIRCULATORY FAILURE,1
CYTOMEGALOVIRUS GASTRITIS,1
RECTAL PERFORATION,1
TRANSFUSION-RELATED CIRCULATORY OVERLOAD,1
HEPATIC HYPERTROPHY,1
THYROXINE FREE INCREASED,1
FEAR,1
GASTROINTESTINAL ANASTOMOTIC HAEMORRHAGE,1
IMMUNE-MEDIATED UVEITIS,1
SPINAL CORD NEOPLASM,1
RENAL CANCER STAGE IV,1
TENDON DISCOMFORT,1
PSEUDOMONAS TEST POSITIVE,1
URINARY TRACT STOMA COMPLICATION,1
CARDIAC DISCOMFORT,1
CERVICAL VERTEBRAL FRACTURE,1
PULMONARY TUMOUR THROMBOTIC MICROANGIOPATHY,1
DEVICE RELATED THROMBOSIS,1
URETERIC COMPRESSION,1
INTERFERON GAMMA RELEASE ASSAY POSITIVE,1
TYPE IV HYPERSENSITIVITY REACTION,1
AUTOIMMUNE THYROIDITIS,1
CHOREA,1
INCISION SITE INFLAMMATION,1
PROCEDURAL INTESTINAL PERFORATION,1
RESPIRATORY TRACT INFLAMMATION,1
SYSTEMIC MYCOSIS,1
PANNICULITIS,1
GLUCOSE URINE PRESENT,1
HYPERTONIC BLADDER,1
ANGULAR CHEILITIS,1
JOINT RANGE OF MOTION DECREASED,1
FOLATE DEFICIENCY,1
ANTINUCLEAR ANTIBODY INCREASED,1
ALDOLASE INCREASED,1
EXTRADURAL ABSCESS,1
PRODUCT DOSE OMISSION IN ERROR,1
HELICOBACTER GASTRITIS,1
RED BLOOD CELL COUNT ABNORMAL,1
POST PROCEDURAL SEPSIS,1
URETERITIS,1
PRODUCT PHYSICAL ISSUE,1
CORNEAL DISORDER,1
HYPERPARATHYROIDISM PRIMARY,1
PARANEOPLASTIC NEUROLOGICAL SYNDROME,1
SYSTEMIC SCLERODERMA,1
EXOSTOSIS,1
CYTOMEGALOVIRUS VIRAEMIA,1
DEGENERATIVE BONE DISEASE,1
GASTROINTESTINAL INJURY,1
JOINT INJURY,1
BLOOD PHOSPHORUS INCREASED,1
BLOOD BILIRUBIN UNCONJUGATED DECREASED,1
PURULENCE,1
BAND NEUTROPHIL COUNT INCREASED,1
BLOOD ZINC DECREASED,1
TEARFULNESS,1
SCRATCH,1
CEREBELLAR HAEMATOMA,1
EOSINOPENIA,1
CRYPTITIS,1
PSEUDOALDOSTERONISM,1
INTESTINAL PSEUDO-OBSTRUCTION,1
HYPERPITUITARISM,1
PEMPHIGUS,1
STOMA SITE ERYTHEMA,1
HAEMORRHAGIC ASCITES,1
FOREIGN BODY IN REPRODUCTIVE TRACT,1
TONGUE ERYTHEMA,1
GINGIVAL ERYTHEMA,1
INSURANCE ISSUE,1
DEAFNESS NEUROSENSORY,1
COXSACKIE VIRUS TEST POSITIVE,1
ACQUIRED EPIDERMOLYSIS BULLOSA,1
HERPES ZOSTER REACTIVATION,1
EXTRA DOSE ADMINISTERED,1
PULMONARY VENOUS THROMBOSIS,1
DEAFNESS UNILATERAL,1
OESOPHAGEAL CANCER METASTATIC,1
ZINC DEFICIENCY,1
IMMUNE-MEDIATED ENCEPHALOPATHY,1
ENCEPHALITIS VIRAL,1
HAEMORRHAGIC GASTROENTERITIS,1
FACIAL PAIN,1
RESPIRATORY PARALYSIS,1
ELECTROCARDIOGRAM Q WAVE ABNORMAL,1
BRAIN NATRIURETIC PEPTIDE ABNORMAL,1
QRS AXIS ABNORMAL,1
TROPONIN I ABNORMAL,1
ELECTROCARDIOGRAM T WAVE ABNORMAL,1
OXYGEN SATURATION ABNORMAL,1
LYMPHOCYTE COUNT INCREASED,1
PRURITUS GENITAL,1
SKIN ODOUR ABNORMAL,1
MALIGNANT NEOPLASM OLIGOPROGRESSION,1
BLOOD BETA-D-GLUCAN POSITIVE,1
VOCAL CORD DISORDER,1
RIGHT VENTRICULAR DILATATION,1
ERECTILE DYSFUNCTION,1
PULMONARY ARTERIAL PRESSURE INCREASED,1
PNEUMONIA KLEBSIELLA,1
CHRONIC SINUSITIS,1
DEVICE PHYSICAL PROPERTY ISSUE,1
IMMOBILISATION SYNDROME,1
PRURITUS ALLERGIC,1
PROTEIN DEFICIENCY,1
URETHRITIS,1
CARCINOID TUMOUR,1
GALLBLADDER RUPTURE,1
MUCOSAL DISORDER,1
UPPER-AIRWAY COUGH SYNDROME,1
NEAR DROWNING,1
COLORECTAL CANCER STAGE III,1
PATELLA FRACTURE,1
FOOT FRACTURE,1
SUSPECTED DRUG-INDUCED LIVER INJURY,1
LYMPHOCYTIC INFILTRATION,1
FAT TISSUE INCREASED,1
AMYLASE ABNORMAL,1
K-RAS GENE MUTATION,1
VITAMIN D INCREASED,1
PNEUMOVIRUS TEST POSITIVE,1
INJURY CORNEAL,1
CELL DEATH,1
VIRAL MYOCARDITIS,1
HER2 POSITIVE BREAST CANCER,1
INCORRECT PRODUCT ADMINISTRATION DURATION,1
IMMUNE-MEDIATED CHOLESTASIS,1
LOW DENSITY LIPOPROTEIN INCREASED,1
CARBON DIOXIDE INCREASED,1
APOLIPOPROTEIN A-I INCREASED,1
AORTIC RUPTURE,1
PRODUCT PACKAGING QUANTITY ISSUE,1
AUTOIMMUNE LUNG DISEASE,1
MICTURITION URGENCY,1
INTRA-ABDOMINAL FLUID COLLECTION,1
OBLITERATIVE BRONCHIOLITIS,1
TEMPOROMANDIBULAR PAIN AND DYSFUNCTION SYNDROME,1
INTESTINAL MUCOSAL ATROPHY,1
INTESTINAL VILLI ATROPHY,1
ENDOPHTHALMITIS,1
MUSCLE TIGHTNESS,1
BONE HYPERTROPHY,1
PROSTATIC DISORDER,1
MYXOEDEMA,1
XEROPHTHALMIA,1
URINE PROTEIN/CREATININE RATIO ABNORMAL,1
CALCIUM DEFICIENCY,1
IMMUNE-MEDIATED OESOPHAGITIS,1
NECROTISING SOFT TISSUE INFECTION,1
IMMUNE-MEDIATED GASTROINTESTINAL DISORDER,1
CATHETER SITE THROMBOSIS,1
ESCHERICHIA BACTERAEMIA,1
SCROTAL OEDEMA,1
CARBOHYDRATE ANTIGEN 50 INCREASED,1
TRIGEMINAL NEURALGIA,1
VENTRICULAR ASYSTOLE,1
ELECTROCARDIOGRAM ABNORMAL,1
RENAL ARTERY OCCLUSION,1
GASTRIC HYPOMOTILITY,1
BEZOAR,1
GASTROINTESTINAL CANCER METASTATIC,1
LIVER TENDERNESS,1
NECROTISING COLITIS,1
FOREIGN BODY ASPIRATION,1
EYE IRRITATION,1
SERRATIA INFECTION,1
CEREBRAL ARTERY OCCLUSION,1
NASAL DISCOMFORT,1
CRYING,1
HEPATITIS B SURFACE ANTIGEN POSITIVE,1
CONDUCTIVE DEAFNESS,1
ANGIOSCLEROSIS,1
CAROTID ARTERY DISEASE,1
PANCREATIC DISORDER,1
PERCUSSION TEST ABNORMAL,1
ANTITHROMBIN III INCREASED,1
BLOOD FIBRINOGEN INCREASED,1
SKIN TURGOR DECREASED,1
BILE CULTURE POSITIVE,1
SPUTUM CULTURE POSITIVE,1
BLOOD BETA-D-GLUCAN INCREASED,1
REFUSAL OF TREATMENT BY RELATIVE,1
INTENTIONAL SELF-INJURY,1
INTERNATIONAL NORMALISED RATIO FLUCTUATION,1
LYMPHOCYTE PERCENTAGE DECREASED,1
PERSECUTORY DELUSION,1
ANOXIA,1
INFUSION SITE PAIN,1
DRUG LEVEL DECREASED,1
OPPORTUNISTIC INFECTION,1
RHONCHI,1
HEPARIN-INDUCED THROMBOCYTOPENIA,1
RESUSCITATION,1
PENIS DISORDER,1
GENITAL CANDIDIASIS,1
ALPHA HAEMOLYTIC STREPTOCOCCAL INFECTION,1
ANION GAP INCREASED,1
BACTEROIDES INFECTION,1
X-RAY GASTROINTESTINAL TRACT ABNORMAL,1
RADIATION MYELOPATHY,1
LARYNGEAL STENOSIS,1
BRAIN COMPRESSION,1
ADNEXA UTERI MASS,1
CAVERNOUS SINUS THROMBOSIS,1
INJECTION SITE DISCHARGE,1
GENERAL PHYSICAL CONDITION NORMAL,1
GAMMOPATHY,1
HIV ANTIBODY,1
ELECTROCARDIOGRAM QRS COMPLEX ABNORMAL,1
DUODENAL ULCER PERFORATION,1
ECTOPIC ANTIDIURETIC HORMONE SECRETION,1
BLOOD PRESSURE AMBULATORY INCREASED,1
POLYNEUROPATHY IN MALIGNANT DISEASE,1
ANTINUCLEAR ANTIBODY POSITIVE,1
BLOOD UREA ABNORMAL,1
AUTONOMIC NEUROPATHY,1
DILATATION ATRIAL,1
MENINGORRHAGIA,1
NASAL OEDEMA,1
NECROSIS ISCHAEMIC,1
PROTHROMBIN TIME SHORTENED,1
CONJUNCTIVITIS VIRAL,1
OCULOMUCOCUTANEOUS SYNDROME,1
HYPERCOAGULATION,1
SYSTEMIC LUPUS ERYTHEMATOSUS,1
INFUSION SITE CELLULITIS,1
ADRENAL HAEMORRHAGE,1
VITREOUS FLOATERS,1
DILATATION INTRAHEPATIC DUCT ACQUIRED,1
SCLERODERMA,1
PULSE ABNORMAL,1
ASPIRATION PLEURAL CAVITY ABNORMAL,1
LOWER RESPIRATORY TRACT INFECTION FUNGAL,1
ILIAC ARTERY OCCLUSION,1
VASCULAR OCCLUSION,1
RASH MORBILLIFORM,1
INTERNATIONAL NORMALISED RATIO,1
CERVIX CARCINOMA,1
HYPERCAPNIA,1
INTESTINAL POLYP,1
ACUTE LEFT VENTRICULAR FAILURE,1
CRYPTOGENIC CIRRHOSIS,1
ERYTHRODERMIC PSORIASIS,1
ANAEMIA MEGALOBLASTIC,1
LABILE BLOOD PRESSURE,1
ILEAL GANGRENE,1
CHEMOTHERAPY EXTRAVASATION MANAGEMENT,1
BLOOD PRESSURE ORTHOSTATIC,1
ACTIVATED PARTIAL THROMBOPLASTIN TIME SHORTENED,1
COAGULATION FACTOR DECREASED,1
PROTHROMBIN LEVEL DECREASED,1
VOCAL CORD PARALYSIS,1
WAIST CIRCUMFERENCE INCREASED,1
GLOMERULONEPHROPATHY,1
HEPATIC ARTERY THROMBOSIS,1
RECTAL ABSCESS,1
HEPATOJUGULAR REFLUX,1
GASTRIC INFECTION,1
COR PULMONALE ACUTE,1
INJURY,1
PSYCHOTIC DISORDER DUE TO A GENERAL MEDICAL CONDITION,1
CARDIOVERSION,1
SPECIFIC GRAVITY URINE INCREASED,1
PELVIC ABSCESS,1
ENDOTRACHEAL INTUBATION COMPLICATION,1
TRACHEOSTOMY,1
OVARIAN CANCER,1
PLEURAL FISTULA,1
APPENDICECTOMY,1
COLOSTOMY CLOSURE,1
ABDOMINAL REBOUND TENDERNESS,1
ESCHERICHIA URINARY TRACT INFECTION,1
BACK INJURY,1
X-RAY OF PELVIS AND HIP ABNORMAL,1
HENOCH-SCHONLEIN PURPURA,1
PHOTODERMATOSIS,1
PERICARDIAL DRAINAGE,1
CEREBRAL HAEMATOMA,1
BLOOD THROMBOPLASTIN INCREASED,1
POOR PERSONAL HYGIENE,1
DEBRIDEMENT,1
INCISIONAL DRAINAGE,1
MUSCLE FLAP OPERATION,1
ORCHIDECTOMY,1
PENILE INFECTION,1
PROTEUS INFECTION,1
SKIN GRAFT,1
ENTEROBACTER BACTERAEMIA,1
MALLORY-WEISS SYNDROME,1
RETINOPATHY,1
OSTEOMYELITIS CHRONIC,1
CATHETER SITE EROSION,1
DIPHTHERIA,1
HERNIA REPAIR,1
PERITONEAL ABSCESS,1
ANAEMIA MACROCYTIC,1
HAEMANGIOMA OF LIVER,1
INTESTINAL FISTULA INFECTION,1
FIXED ERUPTION,1
ABDOMINAL COMPARTMENT SYNDROME,1
THORACIC CAVITY DRAINAGE,1
PANCREATIC PSEUDOCYST,1
ANGIODYSPLASIA,1
ELECTROCAUTERISATION,1
HEPATITIS TOXIC,1
BACTEROIDES BACTERAEMIA,1
GASTROPLEURAL FISTULA,1
TUMOUR EXCISION,1
INJECTION SITE REACTION,1
VASCULAR GRAFT,1
LIMB OPERATION,1
EXCESSIVE GRANULATION TISSUE,1
METASTASES TO RETROPERITONEUM,1
RETINAL ARTERY STENOSIS,1
TRUNCUS COELIACUS THROMBOSIS,1
HEPATIC FIBROSIS,1
BONE LESION,1
STASIS DERMATITIS,1
HYPERTENSIVE NEPHROPATHY,1
MEDIASTINAL ABSCESS,1
LUNG CANCER METASTATIC,1
NEPHRECTOMY,1
SARCOMA METASTATIC,1
CORNEAL LESION,1
SUBDIAPHRAGMATIC ABSCESS,1
EUPHORIC MOOD,1
DRUG WITHDRAWAL SYNDROME,1
INFREQUENT BOWEL MOVEMENTS,1
CHOLINERGIC SYNDROME,1
PERFORATED ULCER,1
LEFT VENTRICULAR FAILURE,1
IRON DEFICIENCY,1
TONIC CONVULSION,1
SIDEROBLASTIC ANAEMIA,1
GLIOBLASTOMA MULTIFORME,1
APRAXIA,1
BLOOD CALCIUM ABNORMAL,1
EYE HAEMORRHAGE,1
LENTIGO,1
CHRONIC MYELOMONOCYTIC LEUKAEMIA,1
MARROW HYPERPLASIA,1
MONOCYTOSIS,1
INTESTINAL MUCOSAL HYPERTROPHY,1
GASTRIC PH DECREASED,1
OROPHARYNGEAL SWELLING,1
FOOD INTOLERANCE,1
ALPHA 1 FOETOPROTEIN INCREASED,1
CALCINOSIS,1
CEREBRAL VENTRICLE DILATATION,1
PNEUMONIA STAPHYLOCOCCAL,1
VASCULAR CALCIFICATION,1
URETERIC INJURY,1
PANIC DISORDER,1
RENAL NEOPLASM,1
DERMATOSIS,1
ORAL HERPES,1
THERAPEUTIC EMBOLISATION,1
STASIS SYNDROME,1
CONJUNCTIVAL PALLOR,1
DYSMENORRHOEA,1
OLIGOMENORRHOEA,1
ILIAC ARTERY STENOSIS,1
PROSTATE INFECTION,1
BETA 2 MICROGLOBULIN INCREASED,1
PARTIAL SEIZURES,1
BLADDER DIVERTICULUM,1
MUCOSAL DRYNESS,1
MOUTH INJURY,1
PHARYNGEAL INJURY,1
WOUND COMPLICATION,1
DIASTOLIC DYSFUNCTION,1
DILATATION VENTRICULAR,1
OCULAR HYPERTENSION,1
INCISION SITE ABSCESS,1
ADMINISTRATION SITE REACTION,1
INJECTION SITE BRUISING,1
SNORING,1
BENIGN OVARIAN TUMOUR,1
VITILIGO,1
SMALL INTESTINE CARCINOMA,1
RETROPERITONEAL MASS,1
SMALL CELL LUNG CANCER,1
BUNDLE BRANCH BLOCK LEFT,1
HYPERPHOSPHATAEMIA,1
BICUSPID AORTIC VALVE,1
PSYCHOMOTOR HYPERACTIVITY,1
APALLIC SYNDROME,1
HAEMOGLOBIN,1
NIPPLE PAIN,1
COMPLEMENT FACTOR C3 DECREASED,1
FURUNCLE,1
RENAL ARTERY THROMBOSIS,1
ADJUSTMENT DISORDER,1
PERSONALITY DISORDER,1
SUICIDAL IDEATION,1
MEAN CELL HAEMOGLOBIN CONCENTRATION INCREASED,1
ULTRASOUND SCAN ABNORMAL,1
FANCONI SYNDROME,1
PLEURAL MESOTHELIOMA,1
PERIPHERAL VASCULAR DISORDER,1
CONJUNCTIVAL OEDEMA,1
ANORECTAL DISCOMFORT,1
GINGIVAL BLISTER,1
CATHETER SITE BRUISE,1
GASTROINTESTINAL CARCINOMA,1
MALIGNANT SPLENIC NEOPLASM,1
ANORECTAL DISORDER,1
RESPIRATORY TRACT CONGESTION,1
PHARYNGITIS STREPTOCOCCAL,1
WEIGHT BEARING DIFFICULTY,1
METASTASES TO THYROID,1
LACTOSE INTOLERANCE,1
RENAL ATROPHY,1
GLUCOSE URINE,1
RED BLOOD CELLS URINE,1
VENOUS OXYGEN PARTIAL PRESSURE INCREASED,1
CORONARY ARTERY DISSECTION,1
PANTOEA AGGLOMERANS INFECTION,1
PNEUMOCOCCAL SEPSIS,1
FEMORAL ARTERY EMBOLISM,1
ILIAC ARTERY EMBOLISM,1
SPLENIC VEIN THROMBOSIS,1
DEVICE ISSUE,1
CONTINUOUS HAEMODIAFILTRATION,1
INTESTINAL DILATATION,1
PELVIC FRACTURE,1
FIBROMYALGIA,1
APPARENT DEATH,1
CHRONIC RESPIRATORY FAILURE,1
WOUND ABSCESS,1
MENTAL DISORDER DUE TO A GENERAL MEDICAL CONDITION,1
BREAST PAIN,1
DISABILITY,1
METAPLASIA,1
HYPERTRICHOSIS,1
SINUS RHYTHM,1
METASTASES TO NECK,1
POST PROCEDURAL SWELLING,1
NEUTROPHILIA,1
PUPILLARY REFLEX IMPAIRED,1
METASTASES TO UTERUS,1
OESOPHAGEAL INFECTION,1
HAEMATOLOGY TEST ABNORMAL,1
SKIN HYPOPIGMENTATION,1
IRRITABLE BOWEL SYNDROME,1
BENIGN GASTRIC NEOPLASM,1
BLOOD POTASSIUM ABNORMAL,1
ABDOMINAL SYMPTOM,1
BLEPHARITIS,1
MEIBOMIANITIS,1
PUNCTATE KERATITIS,1
BRADYPHRENIA,1
RENAL FUNCTION TEST ABNORMAL,1
NECROTISING OESOPHAGITIS,1
SPUTUM INCREASED,1
HAEMORRHAGIC STROKE,1
ATONIC SEIZURES,1
ALANINE AMINOTRANSFERASE,1
ASPARTATE AMINOTRANSFERASE,1
OEDEMA MOUTH,1
PERIPHERAL PARALYSIS,1
RED CELL DISTRIBUTION WIDTH DECREASED,1
DIEULAFOY'S VASCULAR MALFORMATION,1
ELECTROCARDIOGRAM R ON T PHENOMENON,1
PLASMA CELL MYELOMA,1
SUBACUTE CUTANEOUS LUPUS ERYTHEMATOSUS,1
MUCOSAL EXFOLIATION,1
NERVOUS SYSTEM NEOPLASM,1
METASTASES TO OESOPHAGUS,1
ARTHRITIS INFECTIVE,1
ECCHYMOSIS,1
MYOPIA,1
SQUAMOUS CELL CARCINOMA,1
ACUTE UNDIFFERENTIATED LEUKAEMIA,1
AMMONIA INCREASED,1
GINGIVAL HYPERTROPHY,1
HEPATOSPLENOMEGALY,1
TONSILLAR HYPERTROPHY,1
INTRAOCULAR PRESSURE INCREASED,1
INFECTIVE ANEURYSM,1
MYCOTIC ENDOPHTHALMITIS,1
